condition,sentence_id,user_speaker,layer,strategy,reference_count,distance
native_leave_one_speaker_out,1,jvs001,6,mean,3,0.291614
native_leave_one_speaker_out,1,jvs001,6,median,3,0.284725
native_leave_one_speaker_out,1,jvs001,6,trimmed_mean,3,0.291614
native_leave_one_speaker_out,1,jvs001,6,nearest,3,0.249745
native_leave_one_speaker_out,1,jvs001,6,top_k_mean,3,0.267235
wrong_target,1,jvs005_other_sentence,6,median,3,0.580138
native_leave_one_speaker_out,1,jvs001,12,mean,3,0.22392
native_leave_one_speaker_out,1,jvs001,12,median,3,0.226601
native_leave_one_speaker_out,1,jvs001,12,trimmed_mean,3,0.22392
native_leave_one_speaker_out,1,jvs001,12,nearest,3,0.202006
native_leave_one_speaker_out,1,jvs001,12,top_k_mean,3,0.214303
wrong_target,1,jvs005_other_sentence,12,median,3,0.514312
native_leave_one_speaker_out,1,jvs001,18,mean,3,0.169927
native_leave_one_speaker_out,1,jvs001,18,median,3,0.168395
native_leave_one_speaker_out,1,jvs001,18,trimmed_mean,3,0.169927
native_leave_one_speaker_out,1,jvs001,18,nearest,3,0.152657
native_leave_one_speaker_out,1,jvs001,18,top_k_mean,3,0.160526
wrong_target,1,jvs005_other_sentence,18,median,3,0.427725
native_leave_one_speaker_out,1,jvs001,24,mean,3,0.212152
native_leave_one_speaker_out,1,jvs001,24,median,3,0.227952
native_leave_one_speaker_out,1,jvs001,24,trimmed_mean,3,0.212152
native_leave_one_speaker_out,1,jvs001,24,nearest,3,0.168912
native_leave_one_speaker_out,1,jvs001,24,top_k_mean,3,0.198432
wrong_target,1,jvs005_other_sentence,24,median,3,0.700882
native_leave_one_speaker_out,1,jvs002,6,mean,3,0.284711
native_leave_one_speaker_out,1,jvs002,6,median,3,0.284725
native_leave_one_speaker_out,1,jvs002,6,trimmed_mean,3,0.284711
native_leave_one_speaker_out,1,jvs002,6,nearest,3,0.279412
native_leave_one_speaker_out,1,jvs002,6,top_k_mean,3,0.282068
wrong_target,1,jvs005_other_sentence,6,median,3,0.555277
native_leave_one_speaker_out,1,jvs002,12,mean,3,0.223328
native_leave_one_speaker_out,1,jvs002,12,median,3,0.226601
native_leave_one_speaker_out,1,jvs002,12,trimmed_mean,3,0.223328
native_leave_one_speaker_out,1,jvs002,12,nearest,3,0.216152
native_leave_one_speaker_out,1,jvs002,12,top_k_mean,3,0.221376
wrong_target,1,jvs005_other_sentence,12,median,3,0.514312
native_leave_one_speaker_out,1,jvs002,18,mean,3,0.170139
native_leave_one_speaker_out,1,jvs002,18,median,3,0.168395
native_leave_one_speaker_out,1,jvs002,18,trimmed_mean,3,0.170139
native_leave_one_speaker_out,1,jvs002,18,nearest,3,0.167824
native_leave_one_speaker_out,1,jvs002,18,top_k_mean,3,0.16811
wrong_target,1,jvs005_other_sentence,18,median,3,0.427725
native_leave_one_speaker_out,1,jvs002,24,mean,3,0.23722
native_leave_one_speaker_out,1,jvs002,24,median,3,0.239592
native_leave_one_speaker_out,1,jvs002,24,trimmed_mean,3,0.23722
native_leave_one_speaker_out,1,jvs002,24,nearest,3,0.212416
native_leave_one_speaker_out,1,jvs002,24,top_k_mean,3,0.226004
wrong_target,1,jvs005_other_sentence,24,median,3,0.700882
native_leave_one_speaker_out,1,jvs003,6,mean,3,0.288376
native_leave_one_speaker_out,1,jvs003,6,median,3,0.279412
native_leave_one_speaker_out,1,jvs003,6,trimmed_mean,3,0.288376
native_leave_one_speaker_out,1,jvs003,6,nearest,3,0.249745
native_leave_one_speaker_out,1,jvs003,6,top_k_mean,3,0.264579
wrong_target,1,jvs005_other_sentence,6,median,3,0.580138
native_leave_one_speaker_out,1,jvs003,12,mean,3,0.225632
native_leave_one_speaker_out,1,jvs003,12,median,3,0.227231
native_leave_one_speaker_out,1,jvs003,12,trimmed_mean,3,0.225632
native_leave_one_speaker_out,1,jvs003,12,nearest,3,0.202006
native_leave_one_speaker_out,1,jvs003,12,top_k_mean,3,0.214619
wrong_target,1,jvs005_other_sentence,12,median,3,0.514735
native_leave_one_speaker_out,1,jvs003,18,mean,3,0.17201
native_leave_one_speaker_out,1,jvs003,18,median,3,0.174197
native_leave_one_speaker_out,1,jvs003,18,trimmed_mean,3,0.17201
native_leave_one_speaker_out,1,jvs003,18,nearest,3,0.152657
native_leave_one_speaker_out,1,jvs003,18,top_k_mean,3,0.163427
wrong_target,1,jvs005_other_sentence,18,median,3,0.440478
native_leave_one_speaker_out,1,jvs003,24,mean,3,0.216467
native_leave_one_speaker_out,1,jvs003,24,median,3,0.220838
native_leave_one_speaker_out,1,jvs003,24,trimmed_mean,3,0.216467
native_leave_one_speaker_out,1,jvs003,24,nearest,3,0.168912
native_leave_one_speaker_out,1,jvs003,24,top_k_mean,3,0.194875
wrong_target,1,jvs005_other_sentence,24,median,3,0.706381
native_leave_one_speaker_out,1,jvs004,6,mean,3,0.322113
native_leave_one_speaker_out,1,jvs004,6,median,3,0.335971
native_leave_one_speaker_out,1,jvs004,6,trimmed_mean,3,0.322113
native_leave_one_speaker_out,1,jvs004,6,nearest,3,0.289995
native_leave_one_speaker_out,1,jvs004,6,top_k_mean,3,0.312983
wrong_target,1,jvs005_other_sentence,6,median,3,0.555277
native_leave_one_speaker_out,1,jvs004,12,mean,3,0.235655
native_leave_one_speaker_out,1,jvs004,12,median,3,0.243154
native_leave_one_speaker_out,1,jvs004,12,trimmed_mean,3,0.235655
native_leave_one_speaker_out,1,jvs004,12,nearest,3,0.216152
native_leave_one_speaker_out,1,jvs004,12,top_k_mean,3,0.229653
wrong_target,1,jvs005_other_sentence,12,median,3,0.514735
native_leave_one_speaker_out,1,jvs004,18,mean,3,0.18191
native_leave_one_speaker_out,1,jvs004,18,median,3,0.18873
native_leave_one_speaker_out,1,jvs004,18,trimmed_mean,3,0.18191
native_leave_one_speaker_out,1,jvs004,18,nearest,3,0.167824
native_leave_one_speaker_out,1,jvs004,18,top_k_mean,3,0.178277
wrong_target,1,jvs005_other_sentence,18,median,3,0.440478
native_leave_one_speaker_out,1,jvs004,24,mean,3,0.220402
native_leave_one_speaker_out,1,jvs004,24,median,3,0.220838
native_leave_one_speaker_out,1,jvs004,24,trimmed_mean,3,0.220402
native_leave_one_speaker_out,1,jvs004,24,nearest,3,0.212416
native_leave_one_speaker_out,1,jvs004,24,top_k_mean,3,0.216627
wrong_target,1,jvs005_other_sentence,24,median,3,0.706381
native_leave_one_speaker_out,2,jvs001,6,mean,3,0.301556
native_leave_one_speaker_out,2,jvs001,6,median,3,0.287739
native_leave_one_speaker_out,2,jvs001,6,trimmed_mean,3,0.301556
native_leave_one_speaker_out,2,jvs001,6,nearest,3,0.266439
native_leave_one_speaker_out,2,jvs001,6,top_k_mean,3,0.277089
wrong_target,2,jvs005_other_sentence,6,median,3,0.556308
native_leave_one_speaker_out,2,jvs001,12,mean,3,0.230584
native_leave_one_speaker_out,2,jvs001,12,median,3,0.218241
native_leave_one_speaker_out,2,jvs001,12,trimmed_mean,3,0.230584
native_leave_one_speaker_out,2,jvs001,12,nearest,3,0.211358
native_leave_one_speaker_out,2,jvs001,12,top_k_mean,3,0.214799
wrong_target,2,jvs005_other_sentence,12,median,3,0.506341
native_leave_one_speaker_out,2,jvs001,18,mean,3,0.177585
native_leave_one_speaker_out,2,jvs001,18,median,3,0.170864
native_leave_one_speaker_out,2,jvs001,18,trimmed_mean,3,0.177585
native_leave_one_speaker_out,2,jvs001,18,nearest,3,0.162674
native_leave_one_speaker_out,2,jvs001,18,top_k_mean,3,0.166769
wrong_target,2,jvs005_other_sentence,18,median,3,0.441862
native_leave_one_speaker_out,2,jvs001,24,mean,3,0.245871
native_leave_one_speaker_out,2,jvs001,24,median,3,0.245204
native_leave_one_speaker_out,2,jvs001,24,trimmed_mean,3,0.245871
native_leave_one_speaker_out,2,jvs001,24,nearest,3,0.218435
native_leave_one_speaker_out,2,jvs001,24,top_k_mean,3,0.231819
wrong_target,2,jvs005_other_sentence,24,median,3,0.718715
native_leave_one_speaker_out,2,jvs002,6,mean,3,0.289006
native_leave_one_speaker_out,2,jvs002,6,median,3,0.287739
native_leave_one_speaker_out,2,jvs002,6,trimmed_mean,3,0.289006
native_leave_one_speaker_out,2,jvs002,6,nearest,3,0.27947
native_leave_one_speaker_out,2,jvs002,6,top_k_mean,3,0.283604
wrong_target,2,jvs005_other_sentence,6,median,3,0.544661
native_leave_one_speaker_out,2,jvs002,12,mean,3,0.219578
native_leave_one_speaker_out,2,jvs002,12,median,3,0.218241
native_leave_one_speaker_out,2,jvs002,12,trimmed_mean,3,0.219578
native_leave_one_speaker_out,2,jvs002,12,nearest,3,0.214125
native_leave_one_speaker_out,2,jvs002,12,top_k_mean,3,0.216183
wrong_target,2,jvs005_other_sentence,12,median,3,0.506341
native_leave_one_speaker_out,2,jvs002,18,mean,3,0.170293
native_leave_one_speaker_out,2,jvs002,18,median,3,0.170864
native_leave_one_speaker_out,2,jvs002,18,trimmed_mean,3,0.170293
native_leave_one_speaker_out,2,jvs002,18,nearest,3,0.16714
native_leave_one_speaker_out,2,jvs002,18,top_k_mean,3,0.169002
wrong_target,2,jvs005_other_sentence,18,median,3,0.430079
native_leave_one_speaker_out,2,jvs002,24,mean,3,0.227034
native_leave_one_speaker_out,2,jvs002,24,median,3,0.221948
native_leave_one_speaker_out,2,jvs002,24,trimmed_mean,3,0.227034
native_leave_one_speaker_out,2,jvs002,24,nearest,3,0.218435
native_leave_one_speaker_out,2,jvs002,24,top_k_mean,3,0.220192
wrong_target,2,jvs005_other_sentence,24,median,3,0.716949
native_leave_one_speaker_out,2,jvs003,6,mean,3,0.295231
native_leave_one_speaker_out,2,jvs003,6,median,3,0.27947
native_leave_one_speaker_out,2,jvs003,6,trimmed_mean,3,0.295231
native_leave_one_speaker_out,2,jvs003,6,nearest,3,0.266439
native_leave_one_speaker_out,2,jvs003,6,top_k_mean,3,0.272954
wrong_target,2,jvs005_other_sentence,6,median,3,0.556308
native_leave_one_speaker_out,2,jvs003,12,mean,3,0.227611
native_leave_one_speaker_out,2,jvs003,12,median,3,0.214125
native_leave_one_speaker_out,2,jvs003,12,trimmed_mean,3,0.227611
native_leave_one_speaker_out,2,jvs003,12,nearest,3,0.211358
native_leave_one_speaker_out,2,jvs003,12,top_k_mean,3,0.212742
wrong_target,2,jvs005_other_sentence,12,median,3,0.499968
native_leave_one_speaker_out,2,jvs003,18,mean,3,0.175986
native_leave_one_speaker_out,2,jvs003,18,median,3,0.16714
native_leave_one_speaker_out,2,jvs003,18,trimmed_mean,3,0.175986
native_leave_one_speaker_out,2,jvs003,18,nearest,3,0.162674
native_leave_one_speaker_out,2,jvs003,18,top_k_mean,3,0.164907
wrong_target,2,jvs005_other_sentence,18,median,3,0.441862
native_leave_one_speaker_out,2,jvs003,24,mean,3,0.248775
native_leave_one_speaker_out,2,jvs003,24,median,3,0.245204
native_leave_one_speaker_out,2,jvs003,24,trimmed_mean,3,0.248775
native_leave_one_speaker_out,2,jvs003,24,nearest,3,0.240719
native_leave_one_speaker_out,2,jvs003,24,top_k_mean,3,0.242961
wrong_target,2,jvs005_other_sentence,24,median,3,0.718715
native_leave_one_speaker_out,2,jvs004,6,mean,3,0.330028
native_leave_one_speaker_out,2,jvs004,6,median,3,0.339784
native_leave_one_speaker_out,2,jvs004,6,trimmed_mean,3,0.330028
native_leave_one_speaker_out,2,jvs004,6,nearest,3,0.299811
native_leave_one_speaker_out,2,jvs004,6,top_k_mean,3,0.319797
wrong_target,2,jvs005_other_sentence,6,median,3,0.544661
native_leave_one_speaker_out,2,jvs004,12,mean,3,0.248624
native_leave_one_speaker_out,2,jvs004,12,median,3,0.25735
native_leave_one_speaker_out,2,jvs004,12,trimmed_mean,3,0.248624
native_leave_one_speaker_out,2,jvs004,12,nearest,3,0.226367
native_leave_one_speaker_out,2,jvs004,12,top_k_mean,3,0.241858
wrong_target,2,jvs005_other_sentence,12,median,3,0.499968
native_leave_one_speaker_out,2,jvs004,18,mean,3,0.190077
native_leave_one_speaker_out,2,jvs004,18,median,3,0.198143
native_leave_one_speaker_out,2,jvs004,18,trimmed_mean,3,0.190077
native_leave_one_speaker_out,2,jvs004,18,nearest,3,0.172875
native_leave_one_speaker_out,2,jvs004,18,top_k_mean,3,0.185509
wrong_target,2,jvs005_other_sentence,18,median,3,0.430079
native_leave_one_speaker_out,2,jvs004,24,mean,3,0.252109
native_leave_one_speaker_out,2,jvs004,24,median,3,0.260404
native_leave_one_speaker_out,2,jvs004,24,trimmed_mean,3,0.252109
native_leave_one_speaker_out,2,jvs004,24,nearest,3,0.221948
native_leave_one_speaker_out,2,jvs004,24,top_k_mean,3,0.241176
wrong_target,2,jvs005_other_sentence,24,median,3,0.716949
native_leave_one_speaker_out,3,jvs001,6,mean,3,0.301252
native_leave_one_speaker_out,3,jvs001,6,median,3,0.289157
native_leave_one_speaker_out,3,jvs001,6,trimmed_mean,3,0.301252
native_leave_one_speaker_out,3,jvs001,6,nearest,3,0.25713
native_leave_one_speaker_out,3,jvs001,6,top_k_mean,3,0.273144
wrong_target,3,jvs005_other_sentence,6,median,3,0.545711
native_leave_one_speaker_out,3,jvs001,12,mean,3,0.221872
native_leave_one_speaker_out,3,jvs001,12,median,3,0.217387
native_leave_one_speaker_out,3,jvs001,12,trimmed_mean,3,0.221872
native_leave_one_speaker_out,3,jvs001,12,nearest,3,0.199485
native_leave_one_speaker_out,3,jvs001,12,top_k_mean,3,0.208436
wrong_target,3,jvs005_other_sentence,12,median,3,0.494971
native_leave_one_speaker_out,3,jvs001,18,mean,3,0.168096
native_leave_one_speaker_out,3,jvs001,18,median,3,0.162949
native_leave_one_speaker_out,3,jvs001,18,trimmed_mean,3,0.168096
native_leave_one_speaker_out,3,jvs001,18,nearest,3,0.151783
native_leave_one_speaker_out,3,jvs001,18,top_k_mean,3,0.157366
wrong_target,3,jvs005_other_sentence,18,median,3,0.433447
native_leave_one_speaker_out,3,jvs001,24,mean,3,0.213627
native_leave_one_speaker_out,3,jvs001,24,median,3,0.212277
native_leave_one_speaker_out,3,jvs001,24,trimmed_mean,3,0.213627
native_leave_one_speaker_out,3,jvs001,24,nearest,3,0.168034
native_leave_one_speaker_out,3,jvs001,24,top_k_mean,3,0.190156
wrong_target,3,jvs005_other_sentence,24,median,3,0.675234
native_leave_one_speaker_out,3,jvs002,6,mean,3,0.290361
native_leave_one_speaker_out,3,jvs002,6,median,3,0.289157
native_leave_one_speaker_out,3,jvs002,6,trimmed_mean,3,0.290361
native_leave_one_speaker_out,3,jvs002,6,nearest,3,0.281836
native_leave_one_speaker_out,3,jvs002,6,top_k_mean,3,0.285497
wrong_target,3,jvs005_other_sentence,6,median,3,0.529781
native_leave_one_speaker_out,3,jvs002,12,mean,3,0.215395
native_leave_one_speaker_out,3,jvs002,12,median,3,0.217387
native_leave_one_speaker_out,3,jvs002,12,trimmed_mean,3,0.215395
native_leave_one_speaker_out,3,jvs002,12,nearest,3,0.211182
native_leave_one_speaker_out,3,jvs002,12,top_k_mean,3,0.214285
wrong_target,3,jvs005_other_sentence,12,median,3,0.492812
native_leave_one_speaker_out,3,jvs002,18,mean,3,0.161433
native_leave_one_speaker_out,3,jvs002,18,median,3,0.162949
native_leave_one_speaker_out,3,jvs002,18,trimmed_mean,3,0.161433
native_leave_one_speaker_out,3,jvs002,18,nearest,3,0.154713
native_leave_one_speaker_out,3,jvs002,18,top_k_mean,3,0.158831
wrong_target,3,jvs005_other_sentence,18,median,3,0.430594
native_leave_one_speaker_out,3,jvs002,24,mean,3,0.19788
native_leave_one_speaker_out,3,jvs002,24,median,3,0.192066
native_leave_one_speaker_out,3,jvs002,24,trimmed_mean,3,0.19788
native_leave_one_speaker_out,3,jvs002,24,nearest,3,0.189298
native_leave_one_speaker_out,3,jvs002,24,top_k_mean,3,0.190682
wrong_target,3,jvs005_other_sentence,24,median,3,0.664561
native_leave_one_speaker_out,3,jvs003,6,mean,3,0.296454
native_leave_one_speaker_out,3,jvs003,6,median,3,0.281836
native_leave_one_speaker_out,3,jvs003,6,trimmed_mean,3,0.296454
native_leave_one_speaker_out,3,jvs003,6,nearest,3,0.25713
native_leave_one_speaker_out,3,jvs003,6,top_k_mean,3,0.269483
wrong_target,3,jvs005_other_sentence,6,median,3,0.545711
native_leave_one_speaker_out,3,jvs003,12,mean,3,0.220317
native_leave_one_speaker_out,3,jvs003,12,median,3,0.211182
native_leave_one_speaker_out,3,jvs003,12,trimmed_mean,3,0.220317
native_leave_one_speaker_out,3,jvs003,12,nearest,3,0.199485
native_leave_one_speaker_out,3,jvs003,12,top_k_mean,3,0.205333
wrong_target,3,jvs005_other_sentence,12,median,3,0.494971
native_leave_one_speaker_out,3,jvs003,18,mean,3,0.165867
native_leave_one_speaker_out,3,jvs003,18,median,3,0.154713
native_leave_one_speaker_out,3,jvs003,18,trimmed_mean,3,0.165867
native_leave_one_speaker_out,3,jvs003,18,nearest,3,0.151783
native_leave_one_speaker_out,3,jvs003,18,top_k_mean,3,0.153248
wrong_target,3,jvs005_other_sentence,18,median,3,0.433447
native_leave_one_speaker_out,3,jvs003,24,mean,3,0.199098
native_leave_one_speaker_out,3,jvs003,24,median,3,0.189298
native_leave_one_speaker_out,3,jvs003,24,trimmed_mean,3,0.199098
native_leave_one_speaker_out,3,jvs003,24,nearest,3,0.168034
native_leave_one_speaker_out,3,jvs003,24,top_k_mean,3,0.178666
wrong_target,3,jvs005_other_sentence,24,median,3,0.675234
native_leave_one_speaker_out,3,jvs004,6,mean,3,0.335985
native_leave_one_speaker_out,3,jvs004,6,median,3,0.350397
native_leave_one_speaker_out,3,jvs004,6,trimmed_mean,3,0.335985
native_leave_one_speaker_out,3,jvs004,6,nearest,3,0.300091
native_leave_one_speaker_out,3,jvs004,6,top_k_mean,3,0.325244
wrong_target,3,jvs005_other_sentence,6,median,3,0.529781
native_leave_one_speaker_out,3,jvs004,12,mean,3,0.238882
native_leave_one_speaker_out,3,jvs004,12,median,3,0.248745
native_leave_one_speaker_out,3,jvs004,12,trimmed_mean,3,0.238882
native_leave_one_speaker_out,3,jvs004,12,nearest,3,0.217615
native_leave_one_speaker_out,3,jvs004,12,top_k_mean,3,0.23318
wrong_target,3,jvs005_other_sentence,12,median,3,0.492812
native_leave_one_speaker_out,3,jvs004,18,mean,3,0.182432
native_leave_one_speaker_out,3,jvs004,18,median,3,0.189556
native_leave_one_speaker_out,3,jvs004,18,trimmed_mean,3,0.182432
native_leave_one_speaker_out,3,jvs004,18,nearest,3,0.166636
native_leave_one_speaker_out,3,jvs004,18,top_k_mean,3,0.178096
wrong_target,3,jvs005_other_sentence,18,median,3,0.430594
native_leave_one_speaker_out,3,jvs004,24,mean,3,0.230866
native_leave_one_speaker_out,3,jvs004,24,median,3,0.239963
native_leave_one_speaker_out,3,jvs004,24,trimmed_mean,3,0.230866
native_leave_one_speaker_out,3,jvs004,24,nearest,3,0.192066
native_leave_one_speaker_out,3,jvs004,24,top_k_mean,3,0.216014
wrong_target,3,jvs005_other_sentence,24,median,3,0.664561
native_leave_one_speaker_out,4,jvs001,6,mean,3,0.283784
native_leave_one_speaker_out,4,jvs001,6,median,3,0.283723
native_leave_one_speaker_out,4,jvs001,6,trimmed_mean,3,0.283784
native_leave_one_speaker_out,4,jvs001,6,nearest,3,0.238774
native_leave_one_speaker_out,4,jvs001,6,top_k_mean,3,0.261248
wrong_target,4,jvs005_other_sentence,6,median,3,0.567077
native_leave_one_speaker_out,4,jvs001,12,mean,3,0.208843
native_leave_one_speaker_out,4,jvs001,12,median,3,0.208847
native_leave_one_speaker_out,4,jvs001,12,trimmed_mean,3,0.208843
native_leave_one_speaker_out,4,jvs001,12,nearest,3,0.184534
native_leave_one_speaker_out,4,jvs001,12,top_k_mean,3,0.196691
wrong_target,4,jvs005_other_sentence,12,median,3,0.503793
native_leave_one_speaker_out,4,jvs001,18,mean,3,0.158016
native_leave_one_speaker_out,4,jvs001,18,median,3,0.155267
native_leave_one_speaker_out,4,jvs001,18,trimmed_mean,3,0.158016
native_leave_one_speaker_out,4,jvs001,18,nearest,3,0.142264
native_leave_one_speaker_out,4,jvs001,18,top_k_mean,3,0.148765
wrong_target,4,jvs005_other_sentence,18,median,3,0.434019
native_leave_one_speaker_out,4,jvs001,24,mean,3,0.195637
native_leave_one_speaker_out,4,jvs001,24,median,3,0.194288
native_leave_one_speaker_out,4,jvs001,24,trimmed_mean,3,0.195637
native_leave_one_speaker_out,4,jvs001,24,nearest,3,0.167584
native_leave_one_speaker_out,4,jvs001,24,top_k_mean,3,0.180936
wrong_target,4,jvs005_other_sentence,24,median,3,0.676088
native_leave_one_speaker_out,4,jvs002,6,mean,3,0.280706
native_leave_one_speaker_out,4,jvs002,6,median,3,0.283723
native_leave_one_speaker_out,4,jvs002,6,trimmed_mean,3,0.280706
native_leave_one_speaker_out,4,jvs002,6,nearest,3,0.271594
native_leave_one_speaker_out,4,jvs002,6,top_k_mean,3,0.277658
wrong_target,4,jvs005_other_sentence,6,median,3,0.555887
native_leave_one_speaker_out,4,jvs002,12,mean,3,0.207878
native_leave_one_speaker_out,4,jvs002,12,median,3,0.207618
native_leave_one_speaker_out,4,jvs002,12,trimmed_mean,3,0.207878
native_leave_one_speaker_out,4,jvs002,12,nearest,3,0.207169
native_leave_one_speaker_out,4,jvs002,12,top_k_mean,3,0.207393
wrong_target,4,jvs005_other_sentence,12,median,3,0.499354
native_leave_one_speaker_out,4,jvs002,18,mean,3,0.15798
native_leave_one_speaker_out,4,jvs002,18,median,3,0.157881
native_leave_one_speaker_out,4,jvs002,18,trimmed_mean,3,0.15798
native_leave_one_speaker_out,4,jvs002,18,nearest,3,0.155267
native_leave_one_speaker_out,4,jvs002,18,top_k_mean,3,0.156574
wrong_target,4,jvs005_other_sentence,18,median,3,0.438765
native_leave_one_speaker_out,4,jvs002,24,mean,3,0.189503
native_leave_one_speaker_out,4,jvs002,24,median,3,0.194288
native_leave_one_speaker_out,4,jvs002,24,trimmed_mean,3,0.189503
native_leave_one_speaker_out,4,jvs002,24,nearest,3,0.179122
native_leave_one_speaker_out,4,jvs002,24,top_k_mean,3,0.186705
wrong_target,4,jvs005_other_sentence,24,median,3,0.672396
native_leave_one_speaker_out,4,jvs003,6,mean,3,0.277119
native_leave_one_speaker_out,4,jvs003,6,median,3,0.271594
native_leave_one_speaker_out,4,jvs003,6,trimmed_mean,3,0.277119
native_leave_one_speaker_out,4,jvs003,6,nearest,3,0.238774
native_leave_one_speaker_out,4,jvs003,6,top_k_mean,3,0.255184
wrong_target,4,jvs005_other_sentence,6,median,3,0.567077
native_leave_one_speaker_out,4,jvs003,12,mean,3,0.209295
native_leave_one_speaker_out,4,jvs003,12,median,3,0.207618
native_leave_one_speaker_out,4,jvs003,12,trimmed_mean,3,0.209295
native_leave_one_speaker_out,4,jvs003,12,nearest,3,0.184534
native_leave_one_speaker_out,4,jvs003,12,top_k_mean,3,0.196076
wrong_target,4,jvs005_other_sentence,12,median,3,0.503793
native_leave_one_speaker_out,4,jvs003,18,mean,3,0.159424
native_leave_one_speaker_out,4,jvs003,18,median,3,0.157881
native_leave_one_speaker_out,4,jvs003,18,trimmed_mean,3,0.159424
native_leave_one_speaker_out,4,jvs003,18,nearest,3,0.142264
native_leave_one_speaker_out,4,jvs003,18,top_k_mean,3,0.150072
wrong_target,4,jvs005_other_sentence,18,median,3,0.438765
native_leave_one_speaker_out,4,jvs003,24,mean,3,0.194079
native_leave_one_speaker_out,4,jvs003,24,median,3,0.195099
native_leave_one_speaker_out,4,jvs003,24,trimmed_mean,3,0.194079
native_leave_one_speaker_out,4,jvs003,24,nearest,3,0.167584
native_leave_one_speaker_out,4,jvs003,24,top_k_mean,3,0.181342
wrong_target,4,jvs005_other_sentence,24,median,3,0.676088
native_leave_one_speaker_out,4,jvs004,6,mean,3,0.312216
native_leave_one_speaker_out,4,jvs004,6,median,3,0.32099
native_leave_one_speaker_out,4,jvs004,6,trimmed_mean,3,0.312216
native_leave_one_speaker_out,4,jvs004,6,nearest,3,0.286801
native_leave_one_speaker_out,4,jvs004,6,top_k_mean,3,0.303895
wrong_target,4,jvs005_other_sentence,6,median,3,0.555887
native_leave_one_speaker_out,4,jvs004,12,mean,3,0.22535
native_leave_one_speaker_out,4,jvs004,12,median,3,0.233149
native_leave_one_speaker_out,4,jvs004,12,trimmed_mean,3,0.22535
native_leave_one_speaker_out,4,jvs004,12,nearest,3,0.207169
native_leave_one_speaker_out,4,jvs004,12,top_k_mean,3,0.220159
wrong_target,4,jvs005_other_sentence,12,median,3,0.499354
native_leave_one_speaker_out,4,jvs004,18,mean,3,0.171812
native_leave_one_speaker_out,4,jvs004,18,median,3,0.176517
native_leave_one_speaker_out,4,jvs004,18,trimmed_mean,3,0.171812
native_leave_one_speaker_out,4,jvs004,18,nearest,3,0.160791
native_leave_one_speaker_out,4,jvs004,18,top_k_mean,3,0.168654
wrong_target,4,jvs005_other_sentence,18,median,3,0.434019
native_leave_one_speaker_out,4,jvs004,24,mean,3,0.207905
native_leave_one_speaker_out,4,jvs004,24,median,3,0.219555
native_leave_one_speaker_out,4,jvs004,24,trimmed_mean,3,0.207905
native_leave_one_speaker_out,4,jvs004,24,nearest,3,0.179122
native_leave_one_speaker_out,4,jvs004,24,top_k_mean,3,0.199338
wrong_target,4,jvs005_other_sentence,24,median,3,0.672396
native_leave_one_speaker_out,5,jvs001,6,mean,3,0.303529
native_leave_one_speaker_out,5,jvs001,6,median,3,0.289957
native_leave_one_speaker_out,5,jvs001,6,trimmed_mean,3,0.303529
native_leave_one_speaker_out,5,jvs001,6,nearest,3,0.265904
native_leave_one_speaker_out,5,jvs001,6,top_k_mean,3,0.277931
wrong_target,5,jvs005_other_sentence,6,median,3,0.590934
native_leave_one_speaker_out,5,jvs001,12,mean,3,0.228718
native_leave_one_speaker_out,5,jvs001,12,median,3,0.221657
native_leave_one_speaker_out,5,jvs001,12,trimmed_mean,3,0.228718
native_leave_one_speaker_out,5,jvs001,12,nearest,3,0.205868
native_leave_one_speaker_out,5,jvs001,12,top_k_mean,3,0.213762
wrong_target,5,jvs005_other_sentence,12,median,3,0.535616
native_leave_one_speaker_out,5,jvs001,18,mean,3,0.171962
native_leave_one_speaker_out,5,jvs001,18,median,3,0.162829
native_leave_one_speaker_out,5,jvs001,18,trimmed_mean,3,0.171962
native_leave_one_speaker_out,5,jvs001,18,nearest,3,0.156086
native_leave_one_speaker_out,5,jvs001,18,top_k_mean,3,0.159457
wrong_target,5,jvs005_other_sentence,18,median,3,0.449158
native_leave_one_speaker_out,5,jvs001,24,mean,3,0.228602
native_leave_one_speaker_out,5,jvs001,24,median,3,0.220178
native_leave_one_speaker_out,5,jvs001,24,trimmed_mean,3,0.228602
native_leave_one_speaker_out,5,jvs001,24,nearest,3,0.198182
native_leave_one_speaker_out,5,jvs001,24,top_k_mean,3,0.20918
wrong_target,5,jvs005_other_sentence,24,median,3,0.757258
native_leave_one_speaker_out,5,jvs002,6,mean,3,0.295178
native_leave_one_speaker_out,5,jvs002,6,median,3,0.289957
native_leave_one_speaker_out,5,jvs002,6,trimmed_mean,3,0.295178
native_leave_one_speaker_out,5,jvs002,6,nearest,3,0.28965
native_leave_one_speaker_out,5,jvs002,6,top_k_mean,3,0.289804
wrong_target,5,jvs005_other_sentence,6,median,3,0.578003
native_leave_one_speaker_out,5,jvs002,12,mean,3,0.219807
native_leave_one_speaker_out,5,jvs002,12,median,3,0.220461
native_leave_one_speaker_out,5,jvs002,12,trimmed_mean,3,0.219807
native_leave_one_speaker_out,5,jvs002,12,nearest,3,0.217303
native_leave_one_speaker_out,5,jvs002,12,top_k_mean,3,0.218882
wrong_target,5,jvs005_other_sentence,12,median,3,0.548254
native_leave_one_speaker_out,5,jvs002,18,mean,3,0.162874
native_leave_one_speaker_out,5,jvs002,18,median,3,0.162829
native_leave_one_speaker_out,5,jvs002,18,trimmed_mean,3,0.162874
native_leave_one_speaker_out,5,jvs002,18,nearest,3,0.161142
native_leave_one_speaker_out,5,jvs002,18,top_k_mean,3,0.161985
wrong_target,5,jvs005_other_sentence,18,median,3,0.459768
native_leave_one_speaker_out,5,jvs002,24,mean,3,0.215329
native_leave_one_speaker_out,5,jvs002,24,median,3,0.211897
native_leave_one_speaker_out,5,jvs002,24,trimmed_mean,3,0.215329
native_leave_one_speaker_out,5,jvs002,24,nearest,3,0.198182
native_leave_one_speaker_out,5,jvs002,24,top_k_mean,3,0.205039
wrong_target,5,jvs005_other_sentence,24,median,3,0.735577
native_leave_one_speaker_out,5,jvs003,6,mean,3,0.297016
native_leave_one_speaker_out,5,jvs003,6,median,3,0.28965
native_leave_one_speaker_out,5,jvs003,6,trimmed_mean,3,0.297016
native_leave_one_speaker_out,5,jvs003,6,nearest,3,0.265904
native_leave_one_speaker_out,5,jvs003,6,top_k_mean,3,0.277777
wrong_target,5,jvs005_other_sentence,6,median,3,0.590934
native_leave_one_speaker_out,5,jvs003,12,mean,3,0.224812
native_leave_one_speaker_out,5,jvs003,12,median,3,0.217303
native_leave_one_speaker_out,5,jvs003,12,trimmed_mean,3,0.224812
native_leave_one_speaker_out,5,jvs003,12,nearest,3,0.205868
native_leave_one_speaker_out,5,jvs003,12,top_k_mean,3,0.211586
wrong_target,5,jvs005_other_sentence,12,median,3,0.548254
native_leave_one_speaker_out,5,jvs003,18,mean,3,0.169008
native_leave_one_speaker_out,5,jvs003,18,median,3,0.161142
native_leave_one_speaker_out,5,jvs003,18,trimmed_mean,3,0.169008
native_leave_one_speaker_out,5,jvs003,18,nearest,3,0.156086
native_leave_one_speaker_out,5,jvs003,18,top_k_mean,3,0.158614
wrong_target,5,jvs005_other_sentence,18,median,3,0.459768
native_leave_one_speaker_out,5,jvs003,24,mean,3,0.242837
native_leave_one_speaker_out,5,jvs003,24,median,3,0.235909
native_leave_one_speaker_out,5,jvs003,24,trimmed_mean,3,0.242837
native_leave_one_speaker_out,5,jvs003,24,nearest,3,0.220178
native_leave_one_speaker_out,5,jvs003,24,top_k_mean,3,0.228043
wrong_target,5,jvs005_other_sentence,24,median,3,0.757258
native_leave_one_speaker_out,5,jvs004,6,mean,3,0.332049
native_leave_one_speaker_out,5,jvs004,6,median,3,0.335494
native_leave_one_speaker_out,5,jvs004,6,trimmed_mean,3,0.332049
native_leave_one_speaker_out,5,jvs004,6,nearest,3,0.305928
native_leave_one_speaker_out,5,jvs004,6,top_k_mean,3,0.320711
wrong_target,5,jvs005_other_sentence,6,median,3,0.578003
native_leave_one_speaker_out,5,jvs004,12,mean,3,0.243452
native_leave_one_speaker_out,5,jvs004,12,median,3,0.251265
native_leave_one_speaker_out,5,jvs004,12,trimmed_mean,3,0.243452
native_leave_one_speaker_out,5,jvs004,12,nearest,3,0.220461
native_leave_one_speaker_out,5,jvs004,12,top_k_mean,3,0.235863
wrong_target,5,jvs005_other_sentence,12,median,3,0.535616
native_leave_one_speaker_out,5,jvs004,18,mean,3,0.183806
native_leave_one_speaker_out,5,jvs004,18,median,3,0.189796
native_leave_one_speaker_out,5,jvs004,18,trimmed_mean,3,0.183806
native_leave_one_speaker_out,5,jvs004,18,nearest,3,0.16465
native_leave_one_speaker_out,5,jvs004,18,top_k_mean,3,0.177223
wrong_target,5,jvs005_other_sentence,18,median,3,0.449158
native_leave_one_speaker_out,5,jvs004,24,mean,3,0.250589
native_leave_one_speaker_out,5,jvs004,24,median,3,0.267445
native_leave_one_speaker_out,5,jvs004,24,trimmed_mean,3,0.250589
native_leave_one_speaker_out,5,jvs004,24,nearest,3,0.211897
native_leave_one_speaker_out,5,jvs004,24,top_k_mean,3,0.239671
wrong_target,5,jvs005_other_sentence,24,median,3,0.735577
native_leave_one_speaker_out,6,jvs001,6,mean,3,0.28647
native_leave_one_speaker_out,6,jvs001,6,median,3,0.271101
native_leave_one_speaker_out,6,jvs001,6,trimmed_mean,3,0.28647
native_leave_one_speaker_out,6,jvs001,6,nearest,3,0.258267
native_leave_one_speaker_out,6,jvs001,6,top_k_mean,3,0.264684
wrong_target,6,jvs005_other_sentence,6,median,3,0.536129
native_leave_one_speaker_out,6,jvs001,12,mean,3,0.234881
native_leave_one_speaker_out,6,jvs001,12,median,3,0.21451
native_leave_one_speaker_out,6,jvs001,12,trimmed_mean,3,0.234881
native_leave_one_speaker_out,6,jvs001,12,nearest,3,0.214026
native_leave_one_speaker_out,6,jvs001,12,top_k_mean,3,0.214268
wrong_target,6,jvs005_other_sentence,12,median,3,0.490488
native_leave_one_speaker_out,6,jvs001,18,mean,3,0.200074
native_leave_one_speaker_out,6,jvs001,18,median,3,0.174392
native_leave_one_speaker_out,6,jvs001,18,trimmed_mean,3,0.200074
native_leave_one_speaker_out,6,jvs001,18,nearest,3,0.168526
native_leave_one_speaker_out,6,jvs001,18,top_k_mean,3,0.171459
wrong_target,6,jvs005_other_sentence,18,median,3,0.429109
native_leave_one_speaker_out,6,jvs001,24,mean,3,0.287012
native_leave_one_speaker_out,6,jvs001,24,median,3,0.257597
native_leave_one_speaker_out,6,jvs001,24,trimmed_mean,3,0.287012
native_leave_one_speaker_out,6,jvs001,24,nearest,3,0.217073
native_leave_one_speaker_out,6,jvs001,24,top_k_mean,3,0.237335
wrong_target,6,jvs005_other_sentence,24,median,3,0.676238
native_leave_one_speaker_out,6,jvs002,6,mean,3,0.274596
native_leave_one_speaker_out,6,jvs002,6,median,3,0.271375
native_leave_one_speaker_out,6,jvs002,6,trimmed_mean,3,0.274596
native_leave_one_speaker_out,6,jvs002,6,nearest,3,0.271101
native_leave_one_speaker_out,6,jvs002,6,top_k_mean,3,0.271238
wrong_target,6,jvs005_other_sentence,6,median,3,0.528897
native_leave_one_speaker_out,6,jvs002,12,mean,3,0.224141
native_leave_one_speaker_out,6,jvs002,12,median,3,0.226679
native_leave_one_speaker_out,6,jvs002,12,trimmed_mean,3,0.224141
native_leave_one_speaker_out,6,jvs002,12,nearest,3,0.21451
native_leave_one_speaker_out,6,jvs002,12,top_k_mean,3,0.220594
wrong_target,6,jvs005_other_sentence,12,median,3,0.49221
native_leave_one_speaker_out,6,jvs002,18,mean,3,0.188251
native_leave_one_speaker_out,6,jvs002,18,median,3,0.183974
native_leave_one_speaker_out,6,jvs002,18,trimmed_mean,3,0.188251
native_leave_one_speaker_out,6,jvs002,18,nearest,3,0.174392
native_leave_one_speaker_out,6,jvs002,18,top_k_mean,3,0.179183
wrong_target,6,jvs005_other_sentence,18,median,3,0.431435
native_leave_one_speaker_out,6,jvs002,24,mean,3,0.254029
native_leave_one_speaker_out,6,jvs002,24,median,3,0.250988
native_leave_one_speaker_out,6,jvs002,24,trimmed_mean,3,0.254029
native_leave_one_speaker_out,6,jvs002,24,nearest,3,0.217073
native_leave_one_speaker_out,6,jvs002,24,top_k_mean,3,0.234031
wrong_target,6,jvs005_other_sentence,24,median,3,0.673647
native_leave_one_speaker_out,6,jvs003,6,mean,3,0.284303
native_leave_one_speaker_out,6,jvs003,6,median,3,0.281313
native_leave_one_speaker_out,6,jvs003,6,trimmed_mean,3,0.284303
native_leave_one_speaker_out,6,jvs003,6,nearest,3,0.258267
native_leave_one_speaker_out,6,jvs003,6,top_k_mean,3,0.26979
wrong_target,6,jvs005_other_sentence,6,median,3,0.536129
native_leave_one_speaker_out,6,jvs003,12,mean,3,0.23214
native_leave_one_speaker_out,6,jvs003,12,median,3,0.226679
native_leave_one_speaker_out,6,jvs003,12,trimmed_mean,3,0.23214
native_leave_one_speaker_out,6,jvs003,12,nearest,3,0.214026
native_leave_one_speaker_out,6,jvs003,12,top_k_mean,3,0.220352
wrong_target,6,jvs005_other_sentence,12,median,3,0.49221
native_leave_one_speaker_out,6,jvs003,18,mean,3,0.19398
native_leave_one_speaker_out,6,jvs003,18,median,3,0.183974
native_leave_one_speaker_out,6,jvs003,18,trimmed_mean,3,0.19398
native_leave_one_speaker_out,6,jvs003,18,nearest,3,0.168526
native_leave_one_speaker_out,6,jvs003,18,top_k_mean,3,0.17625
wrong_target,6,jvs005_other_sentence,18,median,3,0.431435
native_leave_one_speaker_out,6,jvs003,24,mean,3,0.270142
native_leave_one_speaker_out,6,jvs003,24,median,3,0.257597
native_leave_one_speaker_out,6,jvs003,24,trimmed_mean,3,0.270142
native_leave_one_speaker_out,6,jvs003,24,nearest,3,0.250988
native_leave_one_speaker_out,6,jvs003,24,top_k_mean,3,0.254293
wrong_target,6,jvs005_other_sentence,24,median,3,0.676238
native_leave_one_speaker_out,6,jvs004,6,mean,3,0.304916
native_leave_one_speaker_out,6,jvs004,6,median,3,0.313331
native_leave_one_speaker_out,6,jvs004,6,trimmed_mean,3,0.304916
native_leave_one_speaker_out,6,jvs004,6,nearest,3,0.271375
native_leave_one_speaker_out,6,jvs004,6,top_k_mean,3,0.292353
wrong_target,6,jvs005_other_sentence,6,median,3,0.528897
native_leave_one_speaker_out,6,jvs004,12,mean,3,0.254353
native_leave_one_speaker_out,6,jvs004,12,median,3,0.255714
native_leave_one_speaker_out,6,jvs004,12,trimmed_mean,3,0.254353
native_leave_one_speaker_out,6,jvs004,12,nearest,3,0.231235
native_leave_one_speaker_out,6,jvs004,12,top_k_mean,3,0.243475
wrong_target,6,jvs005_other_sentence,12,median,3,0.490488
native_leave_one_speaker_out,6,jvs004,18,mean,3,0.231044
native_leave_one_speaker_out,6,jvs004,18,median,3,0.22944
native_leave_one_speaker_out,6,jvs004,18,trimmed_mean,3,0.231044
native_leave_one_speaker_out,6,jvs004,18,nearest,3,0.206387
native_leave_one_speaker_out,6,jvs004,18,top_k_mean,3,0.217914
wrong_target,6,jvs005_other_sentence,18,median,3,0.429109
native_leave_one_speaker_out,6,jvs004,24,mean,3,0.32741
native_leave_one_speaker_out,6,jvs004,24,median,3,0.301839
native_leave_one_speaker_out,6,jvs004,24,trimmed_mean,3,0.32741
native_leave_one_speaker_out,6,jvs004,24,nearest,3,0.294026
native_leave_one_speaker_out,6,jvs004,24,top_k_mean,3,0.297933
wrong_target,6,jvs005_other_sentence,24,median,3,0.673647
native_leave_one_speaker_out,7,jvs001,6,mean,3,0.31587
native_leave_one_speaker_out,7,jvs001,6,median,3,0.304673
native_leave_one_speaker_out,7,jvs001,6,trimmed_mean,3,0.31587
native_leave_one_speaker_out,7,jvs001,6,nearest,3,0.280596
native_leave_one_speaker_out,7,jvs001,6,top_k_mean,3,0.292634
wrong_target,7,jvs005_other_sentence,6,median,3,0.553497
native_leave_one_speaker_out,7,jvs001,12,mean,3,0.246272
native_leave_one_speaker_out,7,jvs001,12,median,3,0.245533
native_leave_one_speaker_out,7,jvs001,12,trimmed_mean,3,0.246272
native_leave_one_speaker_out,7,jvs001,12,nearest,3,0.220521
native_leave_one_speaker_out,7,jvs001,12,top_k_mean,3,0.233027
wrong_target,7,jvs005_other_sentence,12,median,3,0.495408
native_leave_one_speaker_out,7,jvs001,18,mean,3,0.187175
native_leave_one_speaker_out,7,jvs001,18,median,3,0.187698
native_leave_one_speaker_out,7,jvs001,18,trimmed_mean,3,0.187175
native_leave_one_speaker_out,7,jvs001,18,nearest,3,0.164855
native_leave_one_speaker_out,7,jvs001,18,top_k_mean,3,0.176277
wrong_target,7,jvs005_other_sentence,18,median,3,0.41277
native_leave_one_speaker_out,7,jvs001,24,mean,3,0.268121
native_leave_one_speaker_out,7,jvs001,24,median,3,0.255402
native_leave_one_speaker_out,7,jvs001,24,trimmed_mean,3,0.268121
native_leave_one_speaker_out,7,jvs001,24,nearest,3,0.238378
native_leave_one_speaker_out,7,jvs001,24,top_k_mean,3,0.24689
wrong_target,7,jvs005_other_sentence,24,median,3,0.656865
native_leave_one_speaker_out,7,jvs002,6,mean,3,0.29887
native_leave_one_speaker_out,7,jvs002,6,median,3,0.304673
native_leave_one_speaker_out,7,jvs002,6,trimmed_mean,3,0.29887
native_leave_one_speaker_out,7,jvs002,6,nearest,3,0.286865
native_leave_one_speaker_out,7,jvs002,6,top_k_mean,3,0.295769
wrong_target,7,jvs005_other_sentence,6,median,3,0.520551
native_leave_one_speaker_out,7,jvs002,12,mean,3,0.236891
native_leave_one_speaker_out,7,jvs002,12,median,3,0.239668
native_leave_one_speaker_out,7,jvs002,12,trimmed_mean,3,0.236891
native_leave_one_speaker_out,7,jvs002,12,nearest,3,0.225471
native_leave_one_speaker_out,7,jvs002,12,top_k_mean,3,0.23257
wrong_target,7,jvs005_other_sentence,12,median,3,0.489565
native_leave_one_speaker_out,7,jvs002,18,mean,3,0.180477
native_leave_one_speaker_out,7,jvs002,18,median,3,0.177113
native_leave_one_speaker_out,7,jvs002,18,trimmed_mean,3,0.180477
native_leave_one_speaker_out,7,jvs002,18,nearest,3,0.176621
native_leave_one_speaker_out,7,jvs002,18,top_k_mean,3,0.176867
wrong_target,7,jvs005_other_sentence,18,median,3,0.41277
native_leave_one_speaker_out,7,jvs002,24,mean,3,0.254754
native_leave_one_speaker_out,7,jvs002,24,median,3,0.255402
native_leave_one_speaker_out,7,jvs002,24,trimmed_mean,3,0.254754
native_leave_one_speaker_out,7,jvs002,24,nearest,3,0.246782
native_leave_one_speaker_out,7,jvs002,24,top_k_mean,3,0.251092
wrong_target,7,jvs005_other_sentence,24,median,3,0.656865
native_leave_one_speaker_out,7,jvs003,6,mean,3,0.30056
native_leave_one_speaker_out,7,jvs003,6,median,3,0.286865
native_leave_one_speaker_out,7,jvs003,6,trimmed_mean,3,0.30056
native_leave_one_speaker_out,7,jvs003,6,nearest,3,0.280596
native_leave_one_speaker_out,7,jvs003,6,top_k_mean,3,0.28373
wrong_target,7,jvs005_other_sentence,6,median,3,0.553497
native_leave_one_speaker_out,7,jvs003,12,mean,3,0.233415
native_leave_one_speaker_out,7,jvs003,12,median,3,0.225471
native_leave_one_speaker_out,7,jvs003,12,trimmed_mean,3,0.233415
native_leave_one_speaker_out,7,jvs003,12,nearest,3,0.220521
native_leave_one_speaker_out,7,jvs003,12,top_k_mean,3,0.222996
wrong_target,7,jvs005_other_sentence,12,median,3,0.495408
native_leave_one_speaker_out,7,jvs003,18,mean,3,0.175417
native_leave_one_speaker_out,7,jvs003,18,median,3,0.176621
native_leave_one_speaker_out,7,jvs003,18,trimmed_mean,3,0.175417
native_leave_one_speaker_out,7,jvs003,18,nearest,3,0.164855
native_leave_one_speaker_out,7,jvs003,18,top_k_mean,3,0.170738
wrong_target,7,jvs005_other_sentence,18,median,3,0.41715
native_leave_one_speaker_out,7,jvs003,24,mean,3,0.254103
native_leave_one_speaker_out,7,jvs003,24,median,3,0.261853
native_leave_one_speaker_out,7,jvs003,24,trimmed_mean,3,0.254103
native_leave_one_speaker_out,7,jvs003,24,nearest,3,0.238378
native_leave_one_speaker_out,7,jvs003,24,top_k_mean,3,0.250115
wrong_target,7,jvs005_other_sentence,24,median,3,0.67829
native_leave_one_speaker_out,7,jvs004,6,mean,3,0.333878
native_leave_one_speaker_out,7,jvs004,6,median,3,0.33422
native_leave_one_speaker_out,7,jvs004,6,trimmed_mean,3,0.333878
native_leave_one_speaker_out,7,jvs004,6,nearest,3,0.305071
native_leave_one_speaker_out,7,jvs004,6,top_k_mean,3,0.319646
wrong_target,7,jvs005_other_sentence,6,median,3,0.520551
native_leave_one_speaker_out,7,jvs004,12,mean,3,0.255561
native_leave_one_speaker_out,7,jvs004,12,median,3,0.254252
native_leave_one_speaker_out,7,jvs004,12,trimmed_mean,3,0.255561
native_leave_one_speaker_out,7,jvs004,12,nearest,3,0.239668
native_leave_one_speaker_out,7,jvs004,12,top_k_mean,3,0.24696
wrong_target,7,jvs005_other_sentence,12,median,3,0.489565
native_leave_one_speaker_out,7,jvs004,18,mean,3,0.190287
native_leave_one_speaker_out,7,jvs004,18,median,3,0.184776
native_leave_one_speaker_out,7,jvs004,18,trimmed_mean,3,0.190287
native_leave_one_speaker_out,7,jvs004,18,nearest,3,0.177113
native_leave_one_speaker_out,7,jvs004,18,top_k_mean,3,0.180944
wrong_target,7,jvs005_other_sentence,18,median,3,0.41715
native_leave_one_speaker_out,7,jvs004,24,mean,3,0.273073
native_leave_one_speaker_out,7,jvs004,24,median,3,0.261853
native_leave_one_speaker_out,7,jvs004,24,trimmed_mean,3,0.273073
native_leave_one_speaker_out,7,jvs004,24,nearest,3,0.246782
native_leave_one_speaker_out,7,jvs004,24,top_k_mean,3,0.254318
wrong_target,7,jvs005_other_sentence,24,median,3,0.67829
native_leave_one_speaker_out,8,jvs001,6,mean,3,0.291816
native_leave_one_speaker_out,8,jvs001,6,median,3,0.280834
native_leave_one_speaker_out,8,jvs001,6,trimmed_mean,3,0.291816
native_leave_one_speaker_out,8,jvs001,6,nearest,3,0.261283
native_leave_one_speaker_out,8,jvs001,6,top_k_mean,3,0.271059
wrong_target,8,jvs005_other_sentence,6,median,3,0.559271
native_leave_one_speaker_out,8,jvs001,12,mean,3,0.222772
native_leave_one_speaker_out,8,jvs001,12,median,3,0.22277
native_leave_one_speaker_out,8,jvs001,12,trimmed_mean,3,0.222772
native_leave_one_speaker_out,8,jvs001,12,nearest,3,0.206812
native_leave_one_speaker_out,8,jvs001,12,top_k_mean,3,0.214791
wrong_target,8,jvs005_other_sentence,12,median,3,0.504615
native_leave_one_speaker_out,8,jvs001,18,mean,3,0.167802
native_leave_one_speaker_out,8,jvs001,18,median,3,0.165111
native_leave_one_speaker_out,8,jvs001,18,trimmed_mean,3,0.167802
native_leave_one_speaker_out,8,jvs001,18,nearest,3,0.155505
native_leave_one_speaker_out,8,jvs001,18,top_k_mean,3,0.160308
wrong_target,8,jvs005_other_sentence,18,median,3,0.440761
native_leave_one_speaker_out,8,jvs001,24,mean,3,0.218661
native_leave_one_speaker_out,8,jvs001,24,median,3,0.215672
native_leave_one_speaker_out,8,jvs001,24,trimmed_mean,3,0.218661
native_leave_one_speaker_out,8,jvs001,24,nearest,3,0.194478
native_leave_one_speaker_out,8,jvs001,24,top_k_mean,3,0.205075
wrong_target,8,jvs005_other_sentence,24,median,3,0.681386
native_leave_one_speaker_out,8,jvs002,6,mean,3,0.282273
native_leave_one_speaker_out,8,jvs002,6,median,3,0.280834
native_leave_one_speaker_out,8,jvs002,6,trimmed_mean,3,0.282273
native_leave_one_speaker_out,8,jvs002,6,nearest,3,0.279305
native_leave_one_speaker_out,8,jvs002,6,top_k_mean,3,0.280069
wrong_target,8,jvs005_other_sentence,6,median,3,0.545572
native_leave_one_speaker_out,8,jvs002,12,mean,3,0.216415
native_leave_one_speaker_out,8,jvs002,12,median,3,0.213956
native_leave_one_speaker_out,8,jvs002,12,trimmed_mean,3,0.216415
native_leave_one_speaker_out,8,jvs002,12,nearest,3,0.212519
native_leave_one_speaker_out,8,jvs002,12,top_k_mean,3,0.213238
wrong_target,8,jvs005_other_sentence,12,median,3,0.504615
native_leave_one_speaker_out,8,jvs002,18,mean,3,0.163335
native_leave_one_speaker_out,8,jvs002,18,median,3,0.165111
native_leave_one_speaker_out,8,jvs002,18,trimmed_mean,3,0.163335
native_leave_one_speaker_out,8,jvs002,18,nearest,3,0.159594
native_leave_one_speaker_out,8,jvs002,18,top_k_mean,3,0.162353
wrong_target,8,jvs005_other_sentence,18,median,3,0.436684
native_leave_one_speaker_out,8,jvs002,24,mean,3,0.214792
native_leave_one_speaker_out,8,jvs002,24,median,3,0.215672
native_leave_one_speaker_out,8,jvs002,24,trimmed_mean,3,0.214792
native_leave_one_speaker_out,8,jvs002,24,nearest,3,0.205938
native_leave_one_speaker_out,8,jvs002,24,top_k_mean,3,0.210805
wrong_target,8,jvs005_other_sentence,24,median,3,0.672522
native_leave_one_speaker_out,8,jvs003,6,mean,3,0.287556
native_leave_one_speaker_out,8,jvs003,6,median,3,0.279305
native_leave_one_speaker_out,8,jvs003,6,trimmed_mean,3,0.287556
native_leave_one_speaker_out,8,jvs003,6,nearest,3,0.261283
native_leave_one_speaker_out,8,jvs003,6,top_k_mean,3,0.270294
wrong_target,8,jvs005_other_sentence,6,median,3,0.559271
native_leave_one_speaker_out,8,jvs003,12,mean,3,0.216867
native_leave_one_speaker_out,8,jvs003,12,median,3,0.212519
native_leave_one_speaker_out,8,jvs003,12,trimmed_mean,3,0.216867
native_leave_one_speaker_out,8,jvs003,12,nearest,3,0.206812
native_leave_one_speaker_out,8,jvs003,12,top_k_mean,3,0.209665
wrong_target,8,jvs005_other_sentence,12,median,3,0.513052
native_leave_one_speaker_out,8,jvs003,18,mean,3,0.164235
native_leave_one_speaker_out,8,jvs003,18,median,3,0.159594
native_leave_one_speaker_out,8,jvs003,18,trimmed_mean,3,0.164235
native_leave_one_speaker_out,8,jvs003,18,nearest,3,0.155505
native_leave_one_speaker_out,8,jvs003,18,top_k_mean,3,0.157549
wrong_target,8,jvs005_other_sentence,18,median,3,0.440761
native_leave_one_speaker_out,8,jvs003,24,mean,3,0.215659
native_leave_one_speaker_out,8,jvs003,24,median,3,0.222767
native_leave_one_speaker_out,8,jvs003,24,trimmed_mean,3,0.215659
native_leave_one_speaker_out,8,jvs003,24,nearest,3,0.194478
native_leave_one_speaker_out,8,jvs003,24,top_k_mean,3,0.208622
wrong_target,8,jvs005_other_sentence,24,median,3,0.672522
native_leave_one_speaker_out,8,jvs004,6,mean,3,0.314031
native_leave_one_speaker_out,8,jvs004,6,median,3,0.32208
native_leave_one_speaker_out,8,jvs004,6,trimmed_mean,3,0.314031
native_leave_one_speaker_out,8,jvs004,6,nearest,3,0.286681
native_leave_one_speaker_out,8,jvs004,6,top_k_mean,3,0.30438
wrong_target,8,jvs005_other_sentence,6,median,3,0.545572
native_leave_one_speaker_out,8,jvs004,12,mean,3,0.227986
native_leave_one_speaker_out,8,jvs004,12,median,3,0.231269
native_leave_one_speaker_out,8,jvs004,12,trimmed_mean,3,0.227986
native_leave_one_speaker_out,8,jvs004,12,nearest,3,0.213956
native_leave_one_speaker_out,8,jvs004,12,top_k_mean,3,0.222613
wrong_target,8,jvs005_other_sentence,12,median,3,0.513052
native_leave_one_speaker_out,8,jvs004,18,mean,3,0.175232
native_leave_one_speaker_out,8,jvs004,18,median,3,0.177607
native_leave_one_speaker_out,8,jvs004,18,trimmed_mean,3,0.175232
native_leave_one_speaker_out,8,jvs004,18,nearest,3,0.165299
native_leave_one_speaker_out,8,jvs004,18,top_k_mean,3,0.171453
wrong_target,8,jvs005_other_sentence,18,median,3,0.436684
native_leave_one_speaker_out,8,jvs004,24,mean,3,0.227167
native_leave_one_speaker_out,8,jvs004,24,median,3,0.229731
native_leave_one_speaker_out,8,jvs004,24,trimmed_mean,3,0.227167
native_leave_one_speaker_out,8,jvs004,24,nearest,3,0.205938
native_leave_one_speaker_out,8,jvs004,24,top_k_mean,3,0.217834
wrong_target,8,jvs005_other_sentence,24,median,3,0.681386
native_leave_one_speaker_out,9,jvs001,6,mean,3,0.294939
native_leave_one_speaker_out,9,jvs001,6,median,3,0.269435
native_leave_one_speaker_out,9,jvs001,6,trimmed_mean,3,0.294939
native_leave_one_speaker_out,9,jvs001,6,nearest,3,0.255024
native_leave_one_speaker_out,9,jvs001,6,top_k_mean,3,0.26223
wrong_target,9,jvs005_other_sentence,6,median,3,0.520875
native_leave_one_speaker_out,9,jvs001,12,mean,3,0.232134
native_leave_one_speaker_out,9,jvs001,12,median,3,0.218586
native_leave_one_speaker_out,9,jvs001,12,trimmed_mean,3,0.232134
native_leave_one_speaker_out,9,jvs001,12,nearest,3,0.204794
native_leave_one_speaker_out,9,jvs001,12,top_k_mean,3,0.21169
wrong_target,9,jvs005_other_sentence,12,median,3,0.473086
native_leave_one_speaker_out,9,jvs001,18,mean,3,0.174289
native_leave_one_speaker_out,9,jvs001,18,median,3,0.166603
native_leave_one_speaker_out,9,jvs001,18,trimmed_mean,3,0.174289
native_leave_one_speaker_out,9,jvs001,18,nearest,3,0.156077
native_leave_one_speaker_out,9,jvs001,18,top_k_mean,3,0.16134
wrong_target,9,jvs005_other_sentence,18,median,3,0.409084
native_leave_one_speaker_out,9,jvs001,24,mean,3,0.227822
native_leave_one_speaker_out,9,jvs001,24,median,3,0.201281
native_leave_one_speaker_out,9,jvs001,24,trimmed_mean,3,0.227822
native_leave_one_speaker_out,9,jvs001,24,nearest,3,0.194205
native_leave_one_speaker_out,9,jvs001,24,top_k_mean,3,0.197743
wrong_target,9,jvs005_other_sentence,24,median,3,0.651271
native_leave_one_speaker_out,9,jvs002,6,mean,3,0.278968
native_leave_one_speaker_out,9,jvs002,6,median,3,0.276784
native_leave_one_speaker_out,9,jvs002,6,trimmed_mean,3,0.278968
native_leave_one_speaker_out,9,jvs002,6,nearest,3,0.269435
native_leave_one_speaker_out,9,jvs002,6,top_k_mean,3,0.27311
wrong_target,9,jvs005_other_sentence,6,median,3,0.516454
native_leave_one_speaker_out,9,jvs002,12,mean,3,0.21441
native_leave_one_speaker_out,9,jvs002,12,median,3,0.212474
native_leave_one_speaker_out,9,jvs002,12,trimmed_mean,3,0.21441
native_leave_one_speaker_out,9,jvs002,12,nearest,3,0.21217
native_leave_one_speaker_out,9,jvs002,12,top_k_mean,3,0.212322
wrong_target,9,jvs005_other_sentence,12,median,3,0.4804
native_leave_one_speaker_out,9,jvs002,18,mean,3,0.16148
native_leave_one_speaker_out,9,jvs002,18,median,3,0.159596
native_leave_one_speaker_out,9,jvs002,18,trimmed_mean,3,0.16148
native_leave_one_speaker_out,9,jvs002,18,nearest,3,0.158242
native_leave_one_speaker_out,9,jvs002,18,top_k_mean,3,0.158919
wrong_target,9,jvs005_other_sentence,18,median,3,0.415212
native_leave_one_speaker_out,9,jvs002,24,mean,3,0.209925
native_leave_one_speaker_out,9,jvs002,24,median,3,0.202219
native_leave_one_speaker_out,9,jvs002,24,trimmed_mean,3,0.209925
native_leave_one_speaker_out,9,jvs002,24,nearest,3,0.201281
native_leave_one_speaker_out,9,jvs002,24,top_k_mean,3,0.20175
wrong_target,9,jvs005_other_sentence,24,median,3,0.639314
native_leave_one_speaker_out,9,jvs003,6,mean,3,0.293557
native_leave_one_speaker_out,9,jvs003,6,median,3,0.276784
native_leave_one_speaker_out,9,jvs003,6,trimmed_mean,3,0.293557
native_leave_one_speaker_out,9,jvs003,6,nearest,3,0.255024
native_leave_one_speaker_out,9,jvs003,6,top_k_mean,3,0.265904
wrong_target,9,jvs005_other_sentence,6,median,3,0.520875
native_leave_one_speaker_out,9,jvs003,12,mean,3,0.226941
native_leave_one_speaker_out,9,jvs003,12,median,3,0.212474
native_leave_one_speaker_out,9,jvs003,12,trimmed_mean,3,0.226941
native_leave_one_speaker_out,9,jvs003,12,nearest,3,0.204794
native_leave_one_speaker_out,9,jvs003,12,top_k_mean,3,0.208634
wrong_target,9,jvs005_other_sentence,12,median,3,0.4804
native_leave_one_speaker_out,9,jvs003,18,mean,3,0.169691
native_leave_one_speaker_out,9,jvs003,18,median,3,0.158242
native_leave_one_speaker_out,9,jvs003,18,trimmed_mean,3,0.169691
native_leave_one_speaker_out,9,jvs003,18,nearest,3,0.156077
native_leave_one_speaker_out,9,jvs003,18,top_k_mean,3,0.157159
wrong_target,9,jvs005_other_sentence,18,median,3,0.415212
native_leave_one_speaker_out,9,jvs003,24,mean,3,0.229088
native_leave_one_speaker_out,9,jvs003,24,median,3,0.226275
native_leave_one_speaker_out,9,jvs003,24,trimmed_mean,3,0.229088
native_leave_one_speaker_out,9,jvs003,24,nearest,3,0.194205
native_leave_one_speaker_out,9,jvs003,24,top_k_mean,3,0.21024
wrong_target,9,jvs005_other_sentence,24,median,3,0.651271
native_leave_one_speaker_out,9,jvs004,6,mean,3,0.333301
native_leave_one_speaker_out,9,jvs004,6,median,3,0.348862
native_leave_one_speaker_out,9,jvs004,6,trimmed_mean,3,0.333301
native_leave_one_speaker_out,9,jvs004,6,nearest,3,0.290684
native_leave_one_speaker_out,9,jvs004,6,top_k_mean,3,0.319773
wrong_target,9,jvs005_other_sentence,6,median,3,0.516454
native_leave_one_speaker_out,9,jvs004,12,mean,3,0.249582
native_leave_one_speaker_out,9,jvs004,12,median,3,0.263555
native_leave_one_speaker_out,9,jvs004,12,trimmed_mean,3,0.249582
native_leave_one_speaker_out,9,jvs004,12,nearest,3,0.21217
native_leave_one_speaker_out,9,jvs004,12,top_k_mean,3,0.237862
wrong_target,9,jvs005_other_sentence,12,median,3,0.473086
native_leave_one_speaker_out,9,jvs004,18,mean,3,0.184846
native_leave_one_speaker_out,9,jvs004,18,median,3,0.194755
native_leave_one_speaker_out,9,jvs004,18,trimmed_mean,3,0.184846
native_leave_one_speaker_out,9,jvs004,18,nearest,3,0.159596
native_leave_one_speaker_out,9,jvs004,18,top_k_mean,3,0.177176
wrong_target,9,jvs005_other_sentence,18,median,3,0.409084
native_leave_one_speaker_out,9,jvs004,24,mean,3,0.252327
native_leave_one_speaker_out,9,jvs004,24,median,3,0.266783
native_leave_one_speaker_out,9,jvs004,24,trimmed_mean,3,0.252327
native_leave_one_speaker_out,9,jvs004,24,nearest,3,0.202219
native_leave_one_speaker_out,9,jvs004,24,top_k_mean,3,0.234501
wrong_target,9,jvs005_other_sentence,24,median,3,0.639314
native_leave_one_speaker_out,10,jvs001,6,mean,3,0.278195
native_leave_one_speaker_out,10,jvs001,6,median,3,0.262256
native_leave_one_speaker_out,10,jvs001,6,trimmed_mean,3,0.278195
native_leave_one_speaker_out,10,jvs001,6,nearest,3,0.246661
native_leave_one_speaker_out,10,jvs001,6,top_k_mean,3,0.254459
wrong_target,10,jvs005_other_sentence,6,median,3,0.486893
native_leave_one_speaker_out,10,jvs001,12,mean,3,0.208103
native_leave_one_speaker_out,10,jvs001,12,median,3,0.199552
native_leave_one_speaker_out,10,jvs001,12,trimmed_mean,3,0.208103
native_leave_one_speaker_out,10,jvs001,12,nearest,3,0.194961
native_leave_one_speaker_out,10,jvs001,12,top_k_mean,3,0.197256
wrong_target,10,jvs005_other_sentence,12,median,3,0.445011
native_leave_one_speaker_out,10,jvs001,18,mean,3,0.162694
native_leave_one_speaker_out,10,jvs001,18,median,3,0.155092
native_leave_one_speaker_out,10,jvs001,18,trimmed_mean,3,0.162694
native_leave_one_speaker_out,10,jvs001,18,nearest,3,0.148275
native_leave_one_speaker_out,10,jvs001,18,top_k_mean,3,0.151684
wrong_target,10,jvs005_other_sentence,18,median,3,0.391616
native_leave_one_speaker_out,10,jvs001,24,mean,3,0.193957
native_leave_one_speaker_out,10,jvs001,24,median,3,0.182708
native_leave_one_speaker_out,10,jvs001,24,trimmed_mean,3,0.193957
native_leave_one_speaker_out,10,jvs001,24,nearest,3,0.17962
native_leave_one_speaker_out,10,jvs001,24,top_k_mean,3,0.181164
wrong_target,10,jvs005_other_sentence,24,median,3,0.60185
native_leave_one_speaker_out,10,jvs002,6,mean,3,0.266178
native_leave_one_speaker_out,10,jvs002,6,median,3,0.262256
native_leave_one_speaker_out,10,jvs002,6,trimmed_mean,3,0.266178
native_leave_one_speaker_out,10,jvs002,6,nearest,3,0.254135
native_leave_one_speaker_out,10,jvs002,6,top_k_mean,3,0.258196
wrong_target,10,jvs005_other_sentence,6,median,3,0.48474
native_leave_one_speaker_out,10,jvs002,12,mean,3,0.20201
native_leave_one_speaker_out,10,jvs002,12,median,3,0.199552
native_leave_one_speaker_out,10,jvs002,12,trimmed_mean,3,0.20201
native_leave_one_speaker_out,10,jvs002,12,nearest,3,0.197916
native_leave_one_speaker_out,10,jvs002,12,top_k_mean,3,0.198734
wrong_target,10,jvs005_other_sentence,12,median,3,0.443745
native_leave_one_speaker_out,10,jvs002,18,mean,3,0.157417
native_leave_one_speaker_out,10,jvs002,18,median,3,0.155092
native_leave_one_speaker_out,10,jvs002,18,trimmed_mean,3,0.157417
native_leave_one_speaker_out,10,jvs002,18,nearest,3,0.147182
native_leave_one_speaker_out,10,jvs002,18,top_k_mean,3,0.151137
wrong_target,10,jvs005_other_sentence,18,median,3,0.387456
native_leave_one_speaker_out,10,jvs002,24,mean,3,0.188744
native_leave_one_speaker_out,10,jvs002,24,median,3,0.188781
native_leave_one_speaker_out,10,jvs002,24,trimmed_mean,3,0.188744
native_leave_one_speaker_out,10,jvs002,24,nearest,3,0.17962
native_leave_one_speaker_out,10,jvs002,24,top_k_mean,3,0.1842
wrong_target,10,jvs005_other_sentence,24,median,3,0.591122
native_leave_one_speaker_out,10,jvs003,6,mean,3,0.266687
native_leave_one_speaker_out,10,jvs003,6,median,3,0.254135
native_leave_one_speaker_out,10,jvs003,6,trimmed_mean,3,0.266687
native_leave_one_speaker_out,10,jvs003,6,nearest,3,0.246661
native_leave_one_speaker_out,10,jvs003,6,top_k_mean,3,0.250398
wrong_target,10,jvs005_other_sentence,6,median,3,0.486893
native_leave_one_speaker_out,10,jvs003,12,mean,3,0.204686
native_leave_one_speaker_out,10,jvs003,12,median,3,0.197916
native_leave_one_speaker_out,10,jvs003,12,trimmed_mean,3,0.204686
native_leave_one_speaker_out,10,jvs003,12,nearest,3,0.194961
native_leave_one_speaker_out,10,jvs003,12,top_k_mean,3,0.196438
wrong_target,10,jvs005_other_sentence,12,median,3,0.445011
native_leave_one_speaker_out,10,jvs003,18,mean,3,0.154568
native_leave_one_speaker_out,10,jvs003,18,median,3,0.148275
native_leave_one_speaker_out,10,jvs003,18,trimmed_mean,3,0.154568
native_leave_one_speaker_out,10,jvs003,18,nearest,3,0.147182
native_leave_one_speaker_out,10,jvs003,18,top_k_mean,3,0.147728
wrong_target,10,jvs005_other_sentence,18,median,3,0.391616
native_leave_one_speaker_out,10,jvs003,24,mean,3,0.195013
native_leave_one_speaker_out,10,jvs003,24,median,3,0.188781
native_leave_one_speaker_out,10,jvs003,24,trimmed_mean,3,0.195013
native_leave_one_speaker_out,10,jvs003,24,nearest,3,0.182708
native_leave_one_speaker_out,10,jvs003,24,top_k_mean,3,0.185744
wrong_target,10,jvs005_other_sentence,24,median,3,0.60185
native_leave_one_speaker_out,10,jvs004,6,mean,3,0.302359
native_leave_one_speaker_out,10,jvs004,6,median,3,0.299265
native_leave_one_speaker_out,10,jvs004,6,trimmed_mean,3,0.302359
native_leave_one_speaker_out,10,jvs004,6,nearest,3,0.282144
native_leave_one_speaker_out,10,jvs004,6,top_k_mean,3,0.290704
wrong_target,10,jvs005_other_sentence,6,median,3,0.48474
native_leave_one_speaker_out,10,jvs004,12,mean,3,0.219846
native_leave_one_speaker_out,10,jvs004,12,median,3,0.22118
native_leave_one_speaker_out,10,jvs004,12,trimmed_mean,3,0.219846
native_leave_one_speaker_out,10,jvs004,12,nearest,3,0.208562
native_leave_one_speaker_out,10,jvs004,12,top_k_mean,3,0.214871
wrong_target,10,jvs005_other_sentence,12,median,3,0.443745
native_leave_one_speaker_out,10,jvs004,18,mean,3,0.174313
native_leave_one_speaker_out,10,jvs004,18,median,3,0.169977
native_leave_one_speaker_out,10,jvs004,18,trimmed_mean,3,0.174313
native_leave_one_speaker_out,10,jvs004,18,nearest,3,0.168247
native_leave_one_speaker_out,10,jvs004,18,top_k_mean,3,0.169112
wrong_target,10,jvs005_other_sentence,18,median,3,0.387456
native_leave_one_speaker_out,10,jvs004,24,mean,3,0.210308
native_leave_one_speaker_out,10,jvs004,24,median,3,0.21355
native_leave_one_speaker_out,10,jvs004,24,trimmed_mean,3,0.210308
native_leave_one_speaker_out,10,jvs004,24,nearest,3,0.197832
native_leave_one_speaker_out,10,jvs004,24,top_k_mean,3,0.205691
wrong_target,10,jvs005_other_sentence,24,median,3,0.591122
native_leave_one_speaker_out,11,jvs001,6,mean,3,0.291973
native_leave_one_speaker_out,11,jvs001,6,median,3,0.277802
native_leave_one_speaker_out,11,jvs001,6,trimmed_mean,3,0.291973
native_leave_one_speaker_out,11,jvs001,6,nearest,3,0.26233
native_leave_one_speaker_out,11,jvs001,6,top_k_mean,3,0.270066
wrong_target,11,jvs005_other_sentence,6,median,3,0.536243
native_leave_one_speaker_out,11,jvs001,12,mean,3,0.224494
native_leave_one_speaker_out,11,jvs001,12,median,3,0.222519
native_leave_one_speaker_out,11,jvs001,12,trimmed_mean,3,0.224494
native_leave_one_speaker_out,11,jvs001,12,nearest,3,0.2078
native_leave_one_speaker_out,11,jvs001,12,top_k_mean,3,0.21516
wrong_target,11,jvs005_other_sentence,12,median,3,0.486877
native_leave_one_speaker_out,11,jvs001,18,mean,3,0.171868
native_leave_one_speaker_out,11,jvs001,18,median,3,0.171171
native_leave_one_speaker_out,11,jvs001,18,trimmed_mean,3,0.171868
native_leave_one_speaker_out,11,jvs001,18,nearest,3,0.160298
native_leave_one_speaker_out,11,jvs001,18,top_k_mean,3,0.165735
wrong_target,11,jvs005_other_sentence,18,median,3,0.419972
native_leave_one_speaker_out,11,jvs001,24,mean,3,0.238827
native_leave_one_speaker_out,11,jvs001,24,median,3,0.22335
native_leave_one_speaker_out,11,jvs001,24,trimmed_mean,3,0.238827
native_leave_one_speaker_out,11,jvs001,24,nearest,3,0.21782
native_leave_one_speaker_out,11,jvs001,24,top_k_mean,3,0.220585
wrong_target,11,jvs005_other_sentence,24,median,3,0.64093
native_leave_one_speaker_out,11,jvs002,6,mean,3,0.283239
native_leave_one_speaker_out,11,jvs002,6,median,3,0.281182
native_leave_one_speaker_out,11,jvs002,6,trimmed_mean,3,0.283239
native_leave_one_speaker_out,11,jvs002,6,nearest,3,0.277802
native_leave_one_speaker_out,11,jvs002,6,top_k_mean,3,0.279492
wrong_target,11,jvs005_other_sentence,6,median,3,0.517918
native_leave_one_speaker_out,11,jvs002,12,mean,3,0.219261
native_leave_one_speaker_out,11,jvs002,12,median,3,0.222519
native_leave_one_speaker_out,11,jvs002,12,trimmed_mean,3,0.219261
native_leave_one_speaker_out,11,jvs002,12,nearest,3,0.201046
native_leave_one_speaker_out,11,jvs002,12,top_k_mean,3,0.211783
wrong_target,11,jvs005_other_sentence,12,median,3,0.481514
native_leave_one_speaker_out,11,jvs002,18,mean,3,0.166593
native_leave_one_speaker_out,11,jvs002,18,median,3,0.171171
native_leave_one_speaker_out,11,jvs002,18,trimmed_mean,3,0.166593
native_leave_one_speaker_out,11,jvs002,18,nearest,3,0.148532
native_leave_one_speaker_out,11,jvs002,18,top_k_mean,3,0.159851
wrong_target,11,jvs005_other_sentence,18,median,3,0.418115
native_leave_one_speaker_out,11,jvs002,24,mean,3,0.222207
native_leave_one_speaker_out,11,jvs002,24,median,3,0.22335
native_leave_one_speaker_out,11,jvs002,24,trimmed_mean,3,0.222207
native_leave_one_speaker_out,11,jvs002,24,nearest,3,0.195275
native_leave_one_speaker_out,11,jvs002,24,top_k_mean,3,0.209312
wrong_target,11,jvs005_other_sentence,24,median,3,0.639732
native_leave_one_speaker_out,11,jvs003,6,mean,3,0.293183
native_leave_one_speaker_out,11,jvs003,6,median,3,0.290734
native_leave_one_speaker_out,11,jvs003,6,trimmed_mean,3,0.293183
native_leave_one_speaker_out,11,jvs003,6,nearest,3,0.26233
native_leave_one_speaker_out,11,jvs003,6,top_k_mean,3,0.276532
wrong_target,11,jvs005_other_sentence,6,median,3,0.536243
native_leave_one_speaker_out,11,jvs003,12,mean,3,0.232101
native_leave_one_speaker_out,11,jvs003,12,median,3,0.234218
native_leave_one_speaker_out,11,jvs003,12,trimmed_mean,3,0.232101
native_leave_one_speaker_out,11,jvs003,12,nearest,3,0.2078
native_leave_one_speaker_out,11,jvs003,12,top_k_mean,3,0.221009
wrong_target,11,jvs005_other_sentence,12,median,3,0.486877
native_leave_one_speaker_out,11,jvs003,18,mean,3,0.177936
native_leave_one_speaker_out,11,jvs003,18,median,3,0.180077
native_leave_one_speaker_out,11,jvs003,18,trimmed_mean,3,0.177936
native_leave_one_speaker_out,11,jvs003,18,nearest,3,0.160298
native_leave_one_speaker_out,11,jvs003,18,top_k_mean,3,0.170188
wrong_target,11,jvs005_other_sentence,18,median,3,0.419972
native_leave_one_speaker_out,11,jvs003,24,mean,3,0.236344
native_leave_one_speaker_out,11,jvs003,24,median,3,0.243214
native_leave_one_speaker_out,11,jvs003,24,trimmed_mean,3,0.236344
native_leave_one_speaker_out,11,jvs003,24,nearest,3,0.21782
native_leave_one_speaker_out,11,jvs003,24,top_k_mean,3,0.230517
wrong_target,11,jvs005_other_sentence,24,median,3,0.64093
native_leave_one_speaker_out,11,jvs004,6,mean,3,0.314484
native_leave_one_speaker_out,11,jvs004,6,median,3,0.326484
native_leave_one_speaker_out,11,jvs004,6,trimmed_mean,3,0.314484
native_leave_one_speaker_out,11,jvs004,6,nearest,3,0.281182
native_leave_one_speaker_out,11,jvs004,6,top_k_mean,3,0.303833
wrong_target,11,jvs005_other_sentence,6,median,3,0.517918
native_leave_one_speaker_out,11,jvs004,12,mean,3,0.232832
native_leave_one_speaker_out,11,jvs004,12,median,3,0.243164
native_leave_one_speaker_out,11,jvs004,12,trimmed_mean,3,0.232832
native_leave_one_speaker_out,11,jvs004,12,nearest,3,0.201046
native_leave_one_speaker_out,11,jvs004,12,top_k_mean,3,0.222105
wrong_target,11,jvs005_other_sentence,12,median,3,0.481514
native_leave_one_speaker_out,11,jvs004,18,mean,3,0.175367
native_leave_one_speaker_out,11,jvs004,18,median,3,0.184136
native_leave_one_speaker_out,11,jvs004,18,trimmed_mean,3,0.175367
native_leave_one_speaker_out,11,jvs004,18,nearest,3,0.148532
native_leave_one_speaker_out,11,jvs004,18,top_k_mean,3,0.166334
wrong_target,11,jvs005_other_sentence,18,median,3,0.418115
native_leave_one_speaker_out,11,jvs004,24,mean,3,0.237933
native_leave_one_speaker_out,11,jvs004,24,median,3,0.243214
native_leave_one_speaker_out,11,jvs004,24,trimmed_mean,3,0.237933
native_leave_one_speaker_out,11,jvs004,24,nearest,3,0.195275
native_leave_one_speaker_out,11,jvs004,24,top_k_mean,3,0.219244
wrong_target,11,jvs005_other_sentence,24,median,3,0.639732
native_leave_one_speaker_out,12,jvs001,6,mean,3,0.285266
native_leave_one_speaker_out,12,jvs001,6,median,3,0.276387
native_leave_one_speaker_out,12,jvs001,6,trimmed_mean,3,0.285266
native_leave_one_speaker_out,12,jvs001,6,nearest,3,0.245289
native_leave_one_speaker_out,12,jvs001,6,top_k_mean,3,0.260838
wrong_target,12,jvs005_other_sentence,6,median,3,0.516768
native_leave_one_speaker_out,12,jvs001,12,mean,3,0.224951
native_leave_one_speaker_out,12,jvs001,12,median,3,0.21902
native_leave_one_speaker_out,12,jvs001,12,trimmed_mean,3,0.224951
native_leave_one_speaker_out,12,jvs001,12,nearest,3,0.196857
native_leave_one_speaker_out,12,jvs001,12,top_k_mean,3,0.207938
wrong_target,12,jvs005_other_sentence,12,median,3,0.473412
native_leave_one_speaker_out,12,jvs001,18,mean,3,0.179044
native_leave_one_speaker_out,12,jvs001,18,median,3,0.172666
native_leave_one_speaker_out,12,jvs001,18,trimmed_mean,3,0.179044
native_leave_one_speaker_out,12,jvs001,18,nearest,3,0.158636
native_leave_one_speaker_out,12,jvs001,18,top_k_mean,3,0.165651
wrong_target,12,jvs005_other_sentence,18,median,3,0.397723
native_leave_one_speaker_out,12,jvs001,24,mean,3,0.238958
native_leave_one_speaker_out,12,jvs001,24,median,3,0.227513
native_leave_one_speaker_out,12,jvs001,24,trimmed_mean,3,0.238958
native_leave_one_speaker_out,12,jvs001,24,nearest,3,0.184947
native_leave_one_speaker_out,12,jvs001,24,top_k_mean,3,0.20623
wrong_target,12,jvs005_other_sentence,24,median,3,0.63656
native_leave_one_speaker_out,12,jvs002,6,mean,3,0.282593
native_leave_one_speaker_out,12,jvs002,6,median,3,0.280642
native_leave_one_speaker_out,12,jvs002,6,trimmed_mean,3,0.282593
native_leave_one_speaker_out,12,jvs002,6,nearest,3,0.276387
native_leave_one_speaker_out,12,jvs002,6,top_k_mean,3,0.278514
wrong_target,12,jvs005_other_sentence,6,median,3,0.512121
native_leave_one_speaker_out,12,jvs002,12,mean,3,0.230013
native_leave_one_speaker_out,12,jvs002,12,median,3,0.234024
native_leave_one_speaker_out,12,jvs002,12,trimmed_mean,3,0.230013
native_leave_one_speaker_out,12,jvs002,12,nearest,3,0.21902
native_leave_one_speaker_out,12,jvs002,12,top_k_mean,3,0.226522
wrong_target,12,jvs005_other_sentence,12,median,3,0.464956
native_leave_one_speaker_out,12,jvs002,18,mean,3,0.17949
native_leave_one_speaker_out,12,jvs002,18,median,3,0.179626
native_leave_one_speaker_out,12,jvs002,18,trimmed_mean,3,0.17949
native_leave_one_speaker_out,12,jvs002,18,nearest,3,0.172666
native_leave_one_speaker_out,12,jvs002,18,top_k_mean,3,0.176146
wrong_target,12,jvs005_other_sentence,18,median,3,0.396636
native_leave_one_speaker_out,12,jvs002,24,mean,3,0.250247
native_leave_one_speaker_out,12,jvs002,24,median,3,0.250972
native_leave_one_speaker_out,12,jvs002,24,trimmed_mean,3,0.250247
native_leave_one_speaker_out,12,jvs002,24,nearest,3,0.227513
native_leave_one_speaker_out,12,jvs002,24,top_k_mean,3,0.239242
wrong_target,12,jvs005_other_sentence,24,median,3,0.623813
native_leave_one_speaker_out,12,jvs003,6,mean,3,0.285709
native_leave_one_speaker_out,12,jvs003,6,median,3,0.280642
native_leave_one_speaker_out,12,jvs003,6,trimmed_mean,3,0.285709
native_leave_one_speaker_out,12,jvs003,6,nearest,3,0.245289
native_leave_one_speaker_out,12,jvs003,6,top_k_mean,3,0.262965
wrong_target,12,jvs005_other_sentence,6,median,3,0.516768
native_leave_one_speaker_out,12,jvs003,12,mean,3,0.23192
native_leave_one_speaker_out,12,jvs003,12,median,3,0.234024
native_leave_one_speaker_out,12,jvs003,12,trimmed_mean,3,0.23192
native_leave_one_speaker_out,12,jvs003,12,nearest,3,0.196857
native_leave_one_speaker_out,12,jvs003,12,top_k_mean,3,0.21544
wrong_target,12,jvs005_other_sentence,12,median,3,0.473412
native_leave_one_speaker_out,12,jvs003,18,mean,3,0.179896
native_leave_one_speaker_out,12,jvs003,18,median,3,0.179626
native_leave_one_speaker_out,12,jvs003,18,trimmed_mean,3,0.179896
native_leave_one_speaker_out,12,jvs003,18,nearest,3,0.158636
native_leave_one_speaker_out,12,jvs003,18,top_k_mean,3,0.169131
wrong_target,12,jvs005_other_sentence,18,median,3,0.397723
native_leave_one_speaker_out,12,jvs003,24,mean,3,0.253519
native_leave_one_speaker_out,12,jvs003,24,median,3,0.272257
native_leave_one_speaker_out,12,jvs003,24,trimmed_mean,3,0.253519
native_leave_one_speaker_out,12,jvs003,24,nearest,3,0.184947
native_leave_one_speaker_out,12,jvs003,24,top_k_mean,3,0.228602
wrong_target,12,jvs005_other_sentence,24,median,3,0.63656
native_leave_one_speaker_out,12,jvs004,6,mean,3,0.31869
native_leave_one_speaker_out,12,jvs004,6,median,3,0.331197
native_leave_one_speaker_out,12,jvs004,6,trimmed_mean,3,0.31869
native_leave_one_speaker_out,12,jvs004,6,nearest,3,0.29075
native_leave_one_speaker_out,12,jvs004,6,top_k_mean,3,0.310973
wrong_target,12,jvs005_other_sentence,6,median,3,0.512121
native_leave_one_speaker_out,12,jvs004,12,mean,3,0.253617
native_leave_one_speaker_out,12,jvs004,12,median,3,0.258976
native_leave_one_speaker_out,12,jvs004,12,trimmed_mean,3,0.253617
native_leave_one_speaker_out,12,jvs004,12,nearest,3,0.236996
native_leave_one_speaker_out,12,jvs004,12,top_k_mean,3,0.247986
wrong_target,12,jvs005_other_sentence,12,median,3,0.464956
native_leave_one_speaker_out,12,jvs004,18,mean,3,0.197811
native_leave_one_speaker_out,12,jvs004,18,median,3,0.201425
native_leave_one_speaker_out,12,jvs004,18,trimmed_mean,3,0.197811
native_leave_one_speaker_out,12,jvs004,18,nearest,3,0.186178
native_leave_one_speaker_out,12,jvs004,18,top_k_mean,3,0.193801
wrong_target,12,jvs005_other_sentence,18,median,3,0.396636
native_leave_one_speaker_out,12,jvs004,24,mean,3,0.286247
native_leave_one_speaker_out,12,jvs004,24,median,3,0.303354
native_leave_one_speaker_out,12,jvs004,24,trimmed_mean,3,0.286247
native_leave_one_speaker_out,12,jvs004,24,nearest,3,0.250972
native_leave_one_speaker_out,12,jvs004,24,top_k_mean,3,0.277163
wrong_target,12,jvs005_other_sentence,24,median,3,0.623813
native_leave_one_speaker_out,13,jvs001,6,mean,3,0.299214
native_leave_one_speaker_out,13,jvs001,6,median,3,0.293329
native_leave_one_speaker_out,13,jvs001,6,trimmed_mean,3,0.299214
native_leave_one_speaker_out,13,jvs001,6,nearest,3,0.25705
native_leave_one_speaker_out,13,jvs001,6,top_k_mean,3,0.275189
wrong_target,13,jvs005_other_sentence,6,median,3,0.564088
native_leave_one_speaker_out,13,jvs001,12,mean,3,0.239336
native_leave_one_speaker_out,13,jvs001,12,median,3,0.244988
native_leave_one_speaker_out,13,jvs001,12,trimmed_mean,3,0.239336
native_leave_one_speaker_out,13,jvs001,12,nearest,3,0.214786
native_leave_one_speaker_out,13,jvs001,12,top_k_mean,3,0.229887
wrong_target,13,jvs005_other_sentence,12,median,3,0.525621
native_leave_one_speaker_out,13,jvs001,18,mean,3,0.181689
native_leave_one_speaker_out,13,jvs001,18,median,3,0.186481
native_leave_one_speaker_out,13,jvs001,18,trimmed_mean,3,0.181689
native_leave_one_speaker_out,13,jvs001,18,nearest,3,0.163663
native_leave_one_speaker_out,13,jvs001,18,top_k_mean,3,0.175072
wrong_target,13,jvs005_other_sentence,18,median,3,0.448639
native_leave_one_speaker_out,13,jvs001,24,mean,3,0.235373
native_leave_one_speaker_out,13,jvs001,24,median,3,0.234528
native_leave_one_speaker_out,13,jvs001,24,trimmed_mean,3,0.235373
native_leave_one_speaker_out,13,jvs001,24,nearest,3,0.208497
native_leave_one_speaker_out,13,jvs001,24,top_k_mean,3,0.221512
wrong_target,13,jvs005_other_sentence,24,median,3,0.738105
native_leave_one_speaker_out,13,jvs002,6,mean,3,0.292616
native_leave_one_speaker_out,13,jvs002,6,median,3,0.293329
native_leave_one_speaker_out,13,jvs002,6,trimmed_mean,3,0.292616
native_leave_one_speaker_out,13,jvs002,6,nearest,3,0.285048
native_leave_one_speaker_out,13,jvs002,6,top_k_mean,3,0.289188
wrong_target,13,jvs005_other_sentence,6,median,3,0.537925
native_leave_one_speaker_out,13,jvs002,12,mean,3,0.23055
native_leave_one_speaker_out,13,jvs002,12,median,3,0.226721
native_leave_one_speaker_out,13,jvs002,12,trimmed_mean,3,0.23055
native_leave_one_speaker_out,13,jvs002,12,nearest,3,0.219942
native_leave_one_speaker_out,13,jvs002,12,top_k_mean,3,0.223332
wrong_target,13,jvs005_other_sentence,12,median,3,0.525621
native_leave_one_speaker_out,13,jvs002,18,mean,3,0.171863
native_leave_one_speaker_out,13,jvs002,18,median,3,0.165092
native_leave_one_speaker_out,13,jvs002,18,trimmed_mean,3,0.171863
native_leave_one_speaker_out,13,jvs002,18,nearest,3,0.164017
native_leave_one_speaker_out,13,jvs002,18,top_k_mean,3,0.164554
wrong_target,13,jvs005_other_sentence,18,median,3,0.450501
native_leave_one_speaker_out,13,jvs002,24,mean,3,0.225107
native_leave_one_speaker_out,13,jvs002,24,median,3,0.233381
native_leave_one_speaker_out,13,jvs002,24,trimmed_mean,3,0.225107
native_leave_one_speaker_out,13,jvs002,24,nearest,3,0.207412
native_leave_one_speaker_out,13,jvs002,24,top_k_mean,3,0.220396
wrong_target,13,jvs005_other_sentence,24,median,3,0.737435
native_leave_one_speaker_out,13,jvs003,6,mean,3,0.283175
native_leave_one_speaker_out,13,jvs003,6,median,3,0.285048
native_leave_one_speaker_out,13,jvs003,6,trimmed_mean,3,0.283175
native_leave_one_speaker_out,13,jvs003,6,nearest,3,0.25705
native_leave_one_speaker_out,13,jvs003,6,top_k_mean,3,0.271049
wrong_target,13,jvs005_other_sentence,6,median,3,0.564088
native_leave_one_speaker_out,13,jvs003,12,mean,3,0.219069
native_leave_one_speaker_out,13,jvs003,12,median,3,0.219942
native_leave_one_speaker_out,13,jvs003,12,trimmed_mean,3,0.219069
native_leave_one_speaker_out,13,jvs003,12,nearest,3,0.214786
native_leave_one_speaker_out,13,jvs003,12,top_k_mean,3,0.217364
wrong_target,13,jvs005_other_sentence,12,median,3,0.520313
native_leave_one_speaker_out,13,jvs003,18,mean,3,0.165211
native_leave_one_speaker_out,13,jvs003,18,median,3,0.164017
native_leave_one_speaker_out,13,jvs003,18,trimmed_mean,3,0.165211
native_leave_one_speaker_out,13,jvs003,18,nearest,3,0.163663
native_leave_one_speaker_out,13,jvs003,18,top_k_mean,3,0.16384
wrong_target,13,jvs005_other_sentence,18,median,3,0.450501
native_leave_one_speaker_out,13,jvs003,24,mean,3,0.220092
native_leave_one_speaker_out,13,jvs003,24,median,3,0.218399
native_leave_one_speaker_out,13,jvs003,24,trimmed_mean,3,0.220092
native_leave_one_speaker_out,13,jvs003,24,nearest,3,0.208497
native_leave_one_speaker_out,13,jvs003,24,top_k_mean,3,0.213448
wrong_target,13,jvs005_other_sentence,24,median,3,0.738105
native_leave_one_speaker_out,13,jvs004,6,mean,3,0.318053
native_leave_one_speaker_out,13,jvs004,6,median,3,0.307426
native_leave_one_speaker_out,13,jvs004,6,trimmed_mean,3,0.318053
native_leave_one_speaker_out,13,jvs004,6,nearest,3,0.299471
native_leave_one_speaker_out,13,jvs004,6,top_k_mean,3,0.303449
wrong_target,13,jvs005_other_sentence,6,median,3,0.537925
native_leave_one_speaker_out,13,jvs004,12,mean,3,0.235811
native_leave_one_speaker_out,13,jvs004,12,median,3,0.226721
native_leave_one_speaker_out,13,jvs004,12,trimmed_mean,3,0.235811
native_leave_one_speaker_out,13,jvs004,12,nearest,3,0.222477
native_leave_one_speaker_out,13,jvs004,12,top_k_mean,3,0.224599
wrong_target,13,jvs005_other_sentence,12,median,3,0.520313
native_leave_one_speaker_out,13,jvs004,18,mean,3,0.175989
native_leave_one_speaker_out,13,jvs004,18,median,3,0.167952
native_leave_one_speaker_out,13,jvs004,18,trimmed_mean,3,0.175989
native_leave_one_speaker_out,13,jvs004,18,nearest,3,0.165092
native_leave_one_speaker_out,13,jvs004,18,top_k_mean,3,0.166522
wrong_target,13,jvs005_other_sentence,18,median,3,0.448639
native_leave_one_speaker_out,13,jvs004,24,mean,3,0.229634
native_leave_one_speaker_out,13,jvs004,24,median,3,0.218399
native_leave_one_speaker_out,13,jvs004,24,trimmed_mean,3,0.229634
native_leave_one_speaker_out,13,jvs004,24,nearest,3,0.207412
native_leave_one_speaker_out,13,jvs004,24,top_k_mean,3,0.212905
wrong_target,13,jvs005_other_sentence,24,median,3,0.737435
native_leave_one_speaker_out,14,jvs001,6,mean,3,0.2625
native_leave_one_speaker_out,14,jvs001,6,median,3,0.252026
native_leave_one_speaker_out,14,jvs001,6,trimmed_mean,3,0.2625
native_leave_one_speaker_out,14,jvs001,6,nearest,3,0.216733
native_leave_one_speaker_out,14,jvs001,6,top_k_mean,3,0.234379
wrong_target,14,jvs005_other_sentence,6,median,3,0.55393
native_leave_one_speaker_out,14,jvs001,12,mean,3,0.216476
native_leave_one_speaker_out,14,jvs001,12,median,3,0.213752
native_leave_one_speaker_out,14,jvs001,12,trimmed_mean,3,0.216476
native_leave_one_speaker_out,14,jvs001,12,nearest,3,0.184357
native_leave_one_speaker_out,14,jvs001,12,top_k_mean,3,0.199055
wrong_target,14,jvs005_other_sentence,12,median,3,0.504009
native_leave_one_speaker_out,14,jvs001,18,mean,3,0.215817
native_leave_one_speaker_out,14,jvs001,18,median,3,0.21588
native_leave_one_speaker_out,14,jvs001,18,trimmed_mean,3,0.215817
native_leave_one_speaker_out,14,jvs001,18,nearest,3,0.18522
native_leave_one_speaker_out,14,jvs001,18,top_k_mean,3,0.20055
wrong_target,14,jvs005_other_sentence,18,median,3,0.43975
native_leave_one_speaker_out,14,jvs001,24,mean,3,0.211072
native_leave_one_speaker_out,14,jvs001,24,median,3,0.208764
native_leave_one_speaker_out,14,jvs001,24,trimmed_mean,3,0.211072
native_leave_one_speaker_out,14,jvs001,24,nearest,3,0.18131
native_leave_one_speaker_out,14,jvs001,24,top_k_mean,3,0.195037
wrong_target,14,jvs005_other_sentence,24,median,3,0.7097
native_leave_one_speaker_out,14,jvs002,6,mean,3,0.260013
native_leave_one_speaker_out,14,jvs002,6,median,3,0.256477
native_leave_one_speaker_out,14,jvs002,6,trimmed_mean,3,0.260013
native_leave_one_speaker_out,14,jvs002,6,nearest,3,0.252026
native_leave_one_speaker_out,14,jvs002,6,top_k_mean,3,0.254251
wrong_target,14,jvs005_other_sentence,6,median,3,0.537955
native_leave_one_speaker_out,14,jvs002,12,mean,3,0.215802
native_leave_one_speaker_out,14,jvs002,12,median,3,0.213752
native_leave_one_speaker_out,14,jvs002,12,trimmed_mean,3,0.215802
native_leave_one_speaker_out,14,jvs002,12,nearest,3,0.196568
native_leave_one_speaker_out,14,jvs002,12,top_k_mean,3,0.20516
wrong_target,14,jvs005_other_sentence,12,median,3,0.504009
native_leave_one_speaker_out,14,jvs002,18,mean,3,0.208284
native_leave_one_speaker_out,14,jvs002,18,median,3,0.21588
native_leave_one_speaker_out,14,jvs002,18,trimmed_mean,3,0.208284
native_leave_one_speaker_out,14,jvs002,18,nearest,3,0.171746
native_leave_one_speaker_out,14,jvs002,18,top_k_mean,3,0.193813
wrong_target,14,jvs005_other_sentence,18,median,3,0.443907
native_leave_one_speaker_out,14,jvs002,24,mean,3,0.198505
native_leave_one_speaker_out,14,jvs002,24,median,3,0.208764
native_leave_one_speaker_out,14,jvs002,24,trimmed_mean,3,0.198505
native_leave_one_speaker_out,14,jvs002,24,nearest,3,0.165769
native_leave_one_speaker_out,14,jvs002,24,top_k_mean,3,0.187266
wrong_target,14,jvs005_other_sentence,24,median,3,0.699889
native_leave_one_speaker_out,14,jvs003,6,mean,3,0.263899
native_leave_one_speaker_out,14,jvs003,6,median,3,0.256477
native_leave_one_speaker_out,14,jvs003,6,trimmed_mean,3,0.263899
native_leave_one_speaker_out,14,jvs003,6,nearest,3,0.216733
native_leave_one_speaker_out,14,jvs003,6,top_k_mean,3,0.236605
wrong_target,14,jvs005_other_sentence,6,median,3,0.55393
native_leave_one_speaker_out,14,jvs003,12,mean,3,0.210252
native_leave_one_speaker_out,14,jvs003,12,median,3,0.196568
native_leave_one_speaker_out,14,jvs003,12,trimmed_mean,3,0.210252
native_leave_one_speaker_out,14,jvs003,12,nearest,3,0.184357
native_leave_one_speaker_out,14,jvs003,12,top_k_mean,3,0.190463
wrong_target,14,jvs005_other_sentence,12,median,3,0.510309
native_leave_one_speaker_out,14,jvs003,18,mean,3,0.200949
native_leave_one_speaker_out,14,jvs003,18,median,3,0.18522
native_leave_one_speaker_out,14,jvs003,18,trimmed_mean,3,0.200949
native_leave_one_speaker_out,14,jvs003,18,nearest,3,0.171746
native_leave_one_speaker_out,14,jvs003,18,top_k_mean,3,0.178483
wrong_target,14,jvs005_other_sentence,18,median,3,0.443907
native_leave_one_speaker_out,14,jvs003,24,mean,3,0.195761
native_leave_one_speaker_out,14,jvs003,24,median,3,0.18131
native_leave_one_speaker_out,14,jvs003,24,trimmed_mean,3,0.195761
native_leave_one_speaker_out,14,jvs003,24,nearest,3,0.165769
native_leave_one_speaker_out,14,jvs003,24,top_k_mean,3,0.173539
wrong_target,14,jvs005_other_sentence,24,median,3,0.7097
native_leave_one_speaker_out,14,jvs004,6,mean,3,0.302923
native_leave_one_speaker_out,14,jvs004,6,median,3,0.318489
native_leave_one_speaker_out,14,jvs004,6,trimmed_mean,3,0.302923
native_leave_one_speaker_out,14,jvs004,6,nearest,3,0.271537
native_leave_one_speaker_out,14,jvs004,6,top_k_mean,3,0.295013
wrong_target,14,jvs005_other_sentence,6,median,3,0.537955
native_leave_one_speaker_out,14,jvs004,12,mean,3,0.246079
native_leave_one_speaker_out,14,jvs004,12,median,3,0.24983
native_leave_one_speaker_out,14,jvs004,12,trimmed_mean,3,0.246079
native_leave_one_speaker_out,14,jvs004,12,nearest,3,0.237087
native_leave_one_speaker_out,14,jvs004,12,top_k_mean,3,0.243458
wrong_target,14,jvs005_other_sentence,12,median,3,0.510309
native_leave_one_speaker_out,14,jvs004,18,mean,3,0.243152
native_leave_one_speaker_out,14,jvs004,18,median,3,0.24588
native_leave_one_speaker_out,14,jvs004,18,trimmed_mean,3,0.243152
native_leave_one_speaker_out,14,jvs004,18,nearest,3,0.237226
native_leave_one_speaker_out,14,jvs004,18,top_k_mean,3,0.241553
wrong_target,14,jvs005_other_sentence,18,median,3,0.43975
native_leave_one_speaker_out,14,jvs004,24,mean,3,0.234778
native_leave_one_speaker_out,14,jvs004,24,median,3,0.240206
native_leave_one_speaker_out,14,jvs004,24,trimmed_mean,3,0.234778
native_leave_one_speaker_out,14,jvs004,24,nearest,3,0.220983
native_leave_one_speaker_out,14,jvs004,24,top_k_mean,3,0.230594
wrong_target,14,jvs005_other_sentence,24,median,3,0.699889
native_leave_one_speaker_out,15,jvs001,6,mean,3,0.288437
native_leave_one_speaker_out,15,jvs001,6,median,3,0.278725
native_leave_one_speaker_out,15,jvs001,6,trimmed_mean,3,0.288437
native_leave_one_speaker_out,15,jvs001,6,nearest,3,0.249289
native_leave_one_speaker_out,15,jvs001,6,top_k_mean,3,0.264007
wrong_target,15,jvs005_other_sentence,6,median,3,0.528071
native_leave_one_speaker_out,15,jvs001,12,mean,3,0.220899
native_leave_one_speaker_out,15,jvs001,12,median,3,0.214427
native_leave_one_speaker_out,15,jvs001,12,trimmed_mean,3,0.220899
native_leave_one_speaker_out,15,jvs001,12,nearest,3,0.198079
native_leave_one_speaker_out,15,jvs001,12,top_k_mean,3,0.206253
wrong_target,15,jvs005_other_sentence,12,median,3,0.498247
native_leave_one_speaker_out,15,jvs001,18,mean,3,0.175609
native_leave_one_speaker_out,15,jvs001,18,median,3,0.160384
native_leave_one_speaker_out,15,jvs001,18,trimmed_mean,3,0.175609
native_leave_one_speaker_out,15,jvs001,18,nearest,3,0.157834
native_leave_one_speaker_out,15,jvs001,18,top_k_mean,3,0.159109
wrong_target,15,jvs005_other_sentence,18,median,3,0.429064
native_leave_one_speaker_out,15,jvs001,24,mean,3,0.222112
native_leave_one_speaker_out,15,jvs001,24,median,3,0.208696
native_leave_one_speaker_out,15,jvs001,24,trimmed_mean,3,0.222112
native_leave_one_speaker_out,15,jvs001,24,nearest,3,0.206254
native_leave_one_speaker_out,15,jvs001,24,top_k_mean,3,0.207475
wrong_target,15,jvs005_other_sentence,24,median,3,0.695195
native_leave_one_speaker_out,15,jvs002,6,mean,3,0.281857
native_leave_one_speaker_out,15,jvs002,6,median,3,0.278725
native_leave_one_speaker_out,15,jvs002,6,trimmed_mean,3,0.281857
native_leave_one_speaker_out,15,jvs002,6,nearest,3,0.271784
native_leave_one_speaker_out,15,jvs002,6,top_k_mean,3,0.275254
wrong_target,15,jvs005_other_sentence,6,median,3,0.532226
native_leave_one_speaker_out,15,jvs002,12,mean,3,0.223048
native_leave_one_speaker_out,15,jvs002,12,median,3,0.220437
native_leave_one_speaker_out,15,jvs002,12,trimmed_mean,3,0.223048
native_leave_one_speaker_out,15,jvs002,12,nearest,3,0.214427
native_leave_one_speaker_out,15,jvs002,12,top_k_mean,3,0.217432
wrong_target,15,jvs005_other_sentence,12,median,3,0.486045
native_leave_one_speaker_out,15,jvs002,18,mean,3,0.17897
native_leave_one_speaker_out,15,jvs002,18,median,3,0.171314
native_leave_one_speaker_out,15,jvs002,18,trimmed_mean,3,0.17897
native_leave_one_speaker_out,15,jvs002,18,nearest,3,0.160384
native_leave_one_speaker_out,15,jvs002,18,top_k_mean,3,0.165849
wrong_target,15,jvs005_other_sentence,18,median,3,0.429064
native_leave_one_speaker_out,15,jvs002,24,mean,3,0.228594
native_leave_one_speaker_out,15,jvs002,24,median,3,0.219358
native_leave_one_speaker_out,15,jvs002,24,trimmed_mean,3,0.228594
native_leave_one_speaker_out,15,jvs002,24,nearest,3,0.208696
native_leave_one_speaker_out,15,jvs002,24,top_k_mean,3,0.214027
wrong_target,15,jvs005_other_sentence,24,median,3,0.695195
native_leave_one_speaker_out,15,jvs003,6,mean,3,0.278887
native_leave_one_speaker_out,15,jvs003,6,median,3,0.271784
native_leave_one_speaker_out,15,jvs003,6,trimmed_mean,3,0.278887
native_leave_one_speaker_out,15,jvs003,6,nearest,3,0.249289
native_leave_one_speaker_out,15,jvs003,6,top_k_mean,3,0.260536
wrong_target,15,jvs005_other_sentence,6,median,3,0.532226
native_leave_one_speaker_out,15,jvs003,12,mean,3,0.218914
native_leave_one_speaker_out,15,jvs003,12,median,3,0.220437
native_leave_one_speaker_out,15,jvs003,12,trimmed_mean,3,0.218914
native_leave_one_speaker_out,15,jvs003,12,nearest,3,0.198079
native_leave_one_speaker_out,15,jvs003,12,top_k_mean,3,0.209258
wrong_target,15,jvs005_other_sentence,12,median,3,0.498247
native_leave_one_speaker_out,15,jvs003,18,mean,3,0.175062
native_leave_one_speaker_out,15,jvs003,18,median,3,0.171314
native_leave_one_speaker_out,15,jvs003,18,trimmed_mean,3,0.175062
native_leave_one_speaker_out,15,jvs003,18,nearest,3,0.157834
native_leave_one_speaker_out,15,jvs003,18,top_k_mean,3,0.164574
wrong_target,15,jvs005_other_sentence,18,median,3,0.426789
native_leave_one_speaker_out,15,jvs003,24,mean,3,0.238035
native_leave_one_speaker_out,15,jvs003,24,median,3,0.250123
native_leave_one_speaker_out,15,jvs003,24,trimmed_mean,3,0.238035
native_leave_one_speaker_out,15,jvs003,24,nearest,3,0.206254
native_leave_one_speaker_out,15,jvs003,24,top_k_mean,3,0.228188
wrong_target,15,jvs005_other_sentence,24,median,3,0.675774
native_leave_one_speaker_out,15,jvs004,6,mean,3,0.315982
native_leave_one_speaker_out,15,jvs004,6,median,3,0.315589
native_leave_one_speaker_out,15,jvs004,6,trimmed_mean,3,0.315982
native_leave_one_speaker_out,15,jvs004,6,nearest,3,0.295062
native_leave_one_speaker_out,15,jvs004,6,top_k_mean,3,0.305325
wrong_target,15,jvs005_other_sentence,6,median,3,0.528071
native_leave_one_speaker_out,15,jvs004,12,mean,3,0.240898
native_leave_one_speaker_out,15,jvs004,12,median,3,0.238224
native_leave_one_speaker_out,15,jvs004,12,trimmed_mean,3,0.240898
native_leave_one_speaker_out,15,jvs004,12,nearest,3,0.234279
native_leave_one_speaker_out,15,jvs004,12,top_k_mean,3,0.236252
wrong_target,15,jvs005_other_sentence,12,median,3,0.486045
native_leave_one_speaker_out,15,jvs004,18,mean,3,0.203287
native_leave_one_speaker_out,15,jvs004,18,median,3,0.205213
native_leave_one_speaker_out,15,jvs004,18,trimmed_mean,3,0.203287
native_leave_one_speaker_out,15,jvs004,18,nearest,3,0.196038
native_leave_one_speaker_out,15,jvs004,18,top_k_mean,3,0.200626
wrong_target,15,jvs005_other_sentence,18,median,3,0.426789
native_leave_one_speaker_out,15,jvs004,24,mean,3,0.240289
native_leave_one_speaker_out,15,jvs004,24,median,3,0.250123
native_leave_one_speaker_out,15,jvs004,24,trimmed_mean,3,0.240289
native_leave_one_speaker_out,15,jvs004,24,nearest,3,0.219358
native_leave_one_speaker_out,15,jvs004,24,top_k_mean,3,0.23474
wrong_target,15,jvs005_other_sentence,24,median,3,0.675774
native_leave_one_speaker_out,16,jvs001,6,mean,3,0.288707
native_leave_one_speaker_out,16,jvs001,6,median,3,0.271832
native_leave_one_speaker_out,16,jvs001,6,trimmed_mean,3,0.288707
native_leave_one_speaker_out,16,jvs001,6,nearest,3,0.258999
native_leave_one_speaker_out,16,jvs001,6,top_k_mean,3,0.265415
wrong_target,16,jvs005_other_sentence,6,median,3,0.497902
native_leave_one_speaker_out,16,jvs001,12,mean,3,0.226496
native_leave_one_speaker_out,16,jvs001,12,median,3,0.213904
native_leave_one_speaker_out,16,jvs001,12,trimmed_mean,3,0.226496
native_leave_one_speaker_out,16,jvs001,12,nearest,3,0.204909
native_leave_one_speaker_out,16,jvs001,12,top_k_mean,3,0.209407
wrong_target,16,jvs005_other_sentence,12,median,3,0.464919
native_leave_one_speaker_out,16,jvs001,18,mean,3,0.182455
native_leave_one_speaker_out,16,jvs001,18,median,3,0.173798
native_leave_one_speaker_out,16,jvs001,18,trimmed_mean,3,0.182455
native_leave_one_speaker_out,16,jvs001,18,nearest,3,0.165366
native_leave_one_speaker_out,16,jvs001,18,top_k_mean,3,0.169582
wrong_target,16,jvs005_other_sentence,18,median,3,0.438158
native_leave_one_speaker_out,16,jvs001,24,mean,3,0.215029
native_leave_one_speaker_out,16,jvs001,24,median,3,0.205261
native_leave_one_speaker_out,16,jvs001,24,trimmed_mean,3,0.215029
native_leave_one_speaker_out,16,jvs001,24,nearest,3,0.185685
native_leave_one_speaker_out,16,jvs001,24,top_k_mean,3,0.195473
wrong_target,16,jvs005_other_sentence,24,median,3,0.711147
native_leave_one_speaker_out,16,jvs002,6,mean,3,0.276718
native_leave_one_speaker_out,16,jvs002,6,median,3,0.271832
native_leave_one_speaker_out,16,jvs002,6,trimmed_mean,3,0.276718
native_leave_one_speaker_out,16,jvs002,6,nearest,3,0.271388
native_leave_one_speaker_out,16,jvs002,6,top_k_mean,3,0.27161
wrong_target,16,jvs005_other_sentence,6,median,3,0.478104
native_leave_one_speaker_out,16,jvs002,12,mean,3,0.216361
native_leave_one_speaker_out,16,jvs002,12,median,3,0.213904
native_leave_one_speaker_out,16,jvs002,12,trimmed_mean,3,0.216361
native_leave_one_speaker_out,16,jvs002,12,nearest,3,0.21172
native_leave_one_speaker_out,16,jvs002,12,top_k_mean,3,0.212812
wrong_target,16,jvs005_other_sentence,12,median,3,0.464919
native_leave_one_speaker_out,16,jvs002,18,mean,3,0.175418
native_leave_one_speaker_out,16,jvs002,18,median,3,0.173798
native_leave_one_speaker_out,16,jvs002,18,trimmed_mean,3,0.175418
native_leave_one_speaker_out,16,jvs002,18,nearest,3,0.170671
native_leave_one_speaker_out,16,jvs002,18,top_k_mean,3,0.172234
wrong_target,16,jvs005_other_sentence,18,median,3,0.438761
native_leave_one_speaker_out,16,jvs002,24,mean,3,0.206919
native_leave_one_speaker_out,16,jvs002,24,median,3,0.215621
native_leave_one_speaker_out,16,jvs002,24,trimmed_mean,3,0.206919
native_leave_one_speaker_out,16,jvs002,24,nearest,3,0.185685
native_leave_one_speaker_out,16,jvs002,24,top_k_mean,3,0.200653
wrong_target,16,jvs005_other_sentence,24,median,3,0.708752
native_leave_one_speaker_out,16,jvs003,6,mean,3,0.287247
native_leave_one_speaker_out,16,jvs003,6,median,3,0.271388
native_leave_one_speaker_out,16,jvs003,6,trimmed_mean,3,0.287247
native_leave_one_speaker_out,16,jvs003,6,nearest,3,0.258999
native_leave_one_speaker_out,16,jvs003,6,top_k_mean,3,0.265193
wrong_target,16,jvs005_other_sentence,6,median,3,0.497902
native_leave_one_speaker_out,16,jvs003,12,mean,3,0.223712
native_leave_one_speaker_out,16,jvs003,12,median,3,0.21172
native_leave_one_speaker_out,16,jvs003,12,trimmed_mean,3,0.223712
native_leave_one_speaker_out,16,jvs003,12,nearest,3,0.204909
native_leave_one_speaker_out,16,jvs003,12,top_k_mean,3,0.208315
wrong_target,16,jvs005_other_sentence,12,median,3,0.530655
native_leave_one_speaker_out,16,jvs003,18,mean,3,0.178267
native_leave_one_speaker_out,16,jvs003,18,median,3,0.170671
native_leave_one_speaker_out,16,jvs003,18,trimmed_mean,3,0.178267
native_leave_one_speaker_out,16,jvs003,18,nearest,3,0.165366
native_leave_one_speaker_out,16,jvs003,18,top_k_mean,3,0.168019
wrong_target,16,jvs005_other_sentence,18,median,3,0.438761
native_leave_one_speaker_out,16,jvs003,24,mean,3,0.221615
native_leave_one_speaker_out,16,jvs003,24,median,3,0.215621
native_leave_one_speaker_out,16,jvs003,24,trimmed_mean,3,0.221615
native_leave_one_speaker_out,16,jvs003,24,nearest,3,0.205261
native_leave_one_speaker_out,16,jvs003,24,top_k_mean,3,0.210441
wrong_target,16,jvs005_other_sentence,24,median,3,0.711147
native_leave_one_speaker_out,16,jvs004,6,mean,3,0.31786
native_leave_one_speaker_out,16,jvs004,6,median,3,0.331354
native_leave_one_speaker_out,16,jvs004,6,trimmed_mean,3,0.31786
native_leave_one_speaker_out,16,jvs004,6,nearest,3,0.286934
native_leave_one_speaker_out,16,jvs004,6,top_k_mean,3,0.309144
wrong_target,16,jvs005_other_sentence,6,median,3,0.478104
native_leave_one_speaker_out,16,jvs004,12,mean,3,0.246214
native_leave_one_speaker_out,16,jvs004,12,median,3,0.254506
native_leave_one_speaker_out,16,jvs004,12,trimmed_mean,3,0.246214
native_leave_one_speaker_out,16,jvs004,12,nearest,3,0.223459
native_leave_one_speaker_out,16,jvs004,12,top_k_mean,3,0.238982
wrong_target,16,jvs005_other_sentence,12,median,3,0.530655
native_leave_one_speaker_out,16,jvs004,18,mean,3,0.196249
native_leave_one_speaker_out,16,jvs004,18,median,3,0.198763
native_leave_one_speaker_out,16,jvs004,18,trimmed_mean,3,0.196249
native_leave_one_speaker_out,16,jvs004,18,nearest,3,0.181784
native_leave_one_speaker_out,16,jvs004,18,top_k_mean,3,0.190274
wrong_target,16,jvs005_other_sentence,18,median,3,0.438158
native_leave_one_speaker_out,16,jvs004,24,mean,3,0.239186
native_leave_one_speaker_out,16,jvs004,24,median,3,0.243964
native_leave_one_speaker_out,16,jvs004,24,trimmed_mean,3,0.239186
native_leave_one_speaker_out,16,jvs004,24,nearest,3,0.219451
native_leave_one_speaker_out,16,jvs004,24,top_k_mean,3,0.231707
wrong_target,16,jvs005_other_sentence,24,median,3,0.708752
native_leave_one_speaker_out,17,jvs001,6,mean,3,0.299931
native_leave_one_speaker_out,17,jvs001,6,median,3,0.278297
native_leave_one_speaker_out,17,jvs001,6,trimmed_mean,3,0.299931
native_leave_one_speaker_out,17,jvs001,6,nearest,3,0.263857
native_leave_one_speaker_out,17,jvs001,6,top_k_mean,3,0.271077
wrong_target,17,jvs005_other_sentence,6,median,3,0.551588
native_leave_one_speaker_out,17,jvs001,12,mean,3,0.231233
native_leave_one_speaker_out,17,jvs001,12,median,3,0.213904
native_leave_one_speaker_out,17,jvs001,12,trimmed_mean,3,0.231233
native_leave_one_speaker_out,17,jvs001,12,nearest,3,0.213863
native_leave_one_speaker_out,17,jvs001,12,top_k_mean,3,0.213884
wrong_target,17,jvs005_other_sentence,12,median,3,0.519726
native_leave_one_speaker_out,17,jvs001,18,mean,3,0.187011
native_leave_one_speaker_out,17,jvs001,18,median,3,0.17704
native_leave_one_speaker_out,17,jvs001,18,trimmed_mean,3,0.187011
native_leave_one_speaker_out,17,jvs001,18,nearest,3,0.174138
native_leave_one_speaker_out,17,jvs001,18,top_k_mean,3,0.175589
wrong_target,17,jvs005_other_sentence,18,median,3,0.443607
native_leave_one_speaker_out,17,jvs001,24,mean,3,0.230896
native_leave_one_speaker_out,17,jvs001,24,median,3,0.215875
native_leave_one_speaker_out,17,jvs001,24,trimmed_mean,3,0.230896
native_leave_one_speaker_out,17,jvs001,24,nearest,3,0.213653
native_leave_one_speaker_out,17,jvs001,24,top_k_mean,3,0.214764
wrong_target,17,jvs005_other_sentence,24,median,3,0.714018
native_leave_one_speaker_out,17,jvs002,6,mean,3,0.281477
native_leave_one_speaker_out,17,jvs002,6,median,3,0.278297
native_leave_one_speaker_out,17,jvs002,6,trimmed_mean,3,0.281477
native_leave_one_speaker_out,17,jvs002,6,nearest,3,0.274858
native_leave_one_speaker_out,17,jvs002,6,top_k_mean,3,0.276578
wrong_target,17,jvs005_other_sentence,6,median,3,0.577615
native_leave_one_speaker_out,17,jvs002,12,mean,3,0.221242
native_leave_one_speaker_out,17,jvs002,12,median,3,0.223428
native_leave_one_speaker_out,17,jvs002,12,trimmed_mean,3,0.221242
native_leave_one_speaker_out,17,jvs002,12,nearest,3,0.213904
native_leave_one_speaker_out,17,jvs002,12,top_k_mean,3,0.218666
wrong_target,17,jvs005_other_sentence,12,median,3,0.529015
native_leave_one_speaker_out,17,jvs002,18,mean,3,0.181805
native_leave_one_speaker_out,17,jvs002,18,median,3,0.180032
native_leave_one_speaker_out,17,jvs002,18,trimmed_mean,3,0.181805
native_leave_one_speaker_out,17,jvs002,18,nearest,3,0.174138
native_leave_one_speaker_out,17,jvs002,18,top_k_mean,3,0.177085
wrong_target,17,jvs005_other_sentence,18,median,3,0.444997
native_leave_one_speaker_out,17,jvs002,24,mean,3,0.233537
native_leave_one_speaker_out,17,jvs002,24,median,3,0.221399
native_leave_one_speaker_out,17,jvs002,24,trimmed_mean,3,0.233537
native_leave_one_speaker_out,17,jvs002,24,nearest,3,0.213653
native_leave_one_speaker_out,17,jvs002,24,top_k_mean,3,0.217526
wrong_target,17,jvs005_other_sentence,24,median,3,0.710917
native_leave_one_speaker_out,17,jvs003,6,mean,3,0.289646
native_leave_one_speaker_out,17,jvs003,6,median,3,0.274858
native_leave_one_speaker_out,17,jvs003,6,trimmed_mean,3,0.289646
native_leave_one_speaker_out,17,jvs003,6,nearest,3,0.263857
native_leave_one_speaker_out,17,jvs003,6,top_k_mean,3,0.269358
wrong_target,17,jvs005_other_sentence,6,median,3,0.577615
native_leave_one_speaker_out,17,jvs003,12,mean,3,0.231397
native_leave_one_speaker_out,17,jvs003,12,median,3,0.223428
native_leave_one_speaker_out,17,jvs003,12,trimmed_mean,3,0.231397
native_leave_one_speaker_out,17,jvs003,12,nearest,3,0.213863
native_leave_one_speaker_out,17,jvs003,12,top_k_mean,3,0.218646
wrong_target,17,jvs005_other_sentence,12,median,3,0.529015
native_leave_one_speaker_out,17,jvs003,18,mean,3,0.190939
native_leave_one_speaker_out,17,jvs003,18,median,3,0.191244
native_leave_one_speaker_out,17,jvs003,18,trimmed_mean,3,0.190939
native_leave_one_speaker_out,17,jvs003,18,nearest,3,0.17704
native_leave_one_speaker_out,17,jvs003,18,top_k_mean,3,0.184142
wrong_target,17,jvs005_other_sentence,18,median,3,0.444997
native_leave_one_speaker_out,17,jvs003,24,mean,3,0.243056
native_leave_one_speaker_out,17,jvs003,24,median,3,0.247733
native_leave_one_speaker_out,17,jvs003,24,trimmed_mean,3,0.243056
native_leave_one_speaker_out,17,jvs003,24,nearest,3,0.215875
native_leave_one_speaker_out,17,jvs003,24,top_k_mean,3,0.231804
wrong_target,17,jvs005_other_sentence,24,median,3,0.714018
native_leave_one_speaker_out,17,jvs004,6,mean,3,0.326378
native_leave_one_speaker_out,17,jvs004,6,median,3,0.330221
native_leave_one_speaker_out,17,jvs004,6,trimmed_mean,3,0.326378
native_leave_one_speaker_out,17,jvs004,6,nearest,3,0.291274
native_leave_one_speaker_out,17,jvs004,6,top_k_mean,3,0.310748
wrong_target,17,jvs005_other_sentence,6,median,3,0.551588
native_leave_one_speaker_out,17,jvs004,12,mean,3,0.249742
native_leave_one_speaker_out,17,jvs004,12,median,3,0.2569
native_leave_one_speaker_out,17,jvs004,12,trimmed_mean,3,0.249742
native_leave_one_speaker_out,17,jvs004,12,nearest,3,0.226395
native_leave_one_speaker_out,17,jvs004,12,top_k_mean,3,0.241647
wrong_target,17,jvs005_other_sentence,12,median,3,0.519726
native_leave_one_speaker_out,17,jvs004,18,mean,3,0.19814
native_leave_one_speaker_out,17,jvs004,18,median,3,0.204533
native_leave_one_speaker_out,17,jvs004,18,trimmed_mean,3,0.19814
native_leave_one_speaker_out,17,jvs004,18,nearest,3,0.180032
native_leave_one_speaker_out,17,jvs004,18,top_k_mean,3,0.192283
wrong_target,17,jvs005_other_sentence,18,median,3,0.443607
native_leave_one_speaker_out,17,jvs004,24,mean,3,0.244097
native_leave_one_speaker_out,17,jvs004,24,median,3,0.247733
native_leave_one_speaker_out,17,jvs004,24,trimmed_mean,3,0.244097
native_leave_one_speaker_out,17,jvs004,24,nearest,3,0.221399
native_leave_one_speaker_out,17,jvs004,24,top_k_mean,3,0.234566
wrong_target,17,jvs005_other_sentence,24,median,3,0.710917
native_leave_one_speaker_out,18,jvs001,6,mean,3,0.292259
native_leave_one_speaker_out,18,jvs001,6,median,3,0.270036
native_leave_one_speaker_out,18,jvs001,6,trimmed_mean,3,0.292259
native_leave_one_speaker_out,18,jvs001,6,nearest,3,0.264043
native_leave_one_speaker_out,18,jvs001,6,top_k_mean,3,0.267039
wrong_target,18,jvs005_other_sentence,6,median,3,0.555486
native_leave_one_speaker_out,18,jvs001,12,mean,3,0.223808
native_leave_one_speaker_out,18,jvs001,12,median,3,0.207038
native_leave_one_speaker_out,18,jvs001,12,trimmed_mean,3,0.223808
native_leave_one_speaker_out,18,jvs001,12,nearest,3,0.206498
native_leave_one_speaker_out,18,jvs001,12,top_k_mean,3,0.206768
wrong_target,18,jvs005_other_sentence,12,median,3,0.49879
native_leave_one_speaker_out,18,jvs001,18,mean,3,0.173504
native_leave_one_speaker_out,18,jvs001,18,median,3,0.15735
native_leave_one_speaker_out,18,jvs001,18,trimmed_mean,3,0.173504
native_leave_one_speaker_out,18,jvs001,18,nearest,3,0.157174
native_leave_one_speaker_out,18,jvs001,18,top_k_mean,3,0.157262
wrong_target,18,jvs005_other_sentence,18,median,3,0.427259
native_leave_one_speaker_out,18,jvs001,24,mean,3,0.216059
native_leave_one_speaker_out,18,jvs001,24,median,3,0.202017
native_leave_one_speaker_out,18,jvs001,24,trimmed_mean,3,0.216059
native_leave_one_speaker_out,18,jvs001,24,nearest,3,0.183801
native_leave_one_speaker_out,18,jvs001,24,top_k_mean,3,0.192909
wrong_target,18,jvs005_other_sentence,24,median,3,0.669828
native_leave_one_speaker_out,18,jvs002,6,mean,3,0.277707
native_leave_one_speaker_out,18,jvs002,6,median,3,0.278536
native_leave_one_speaker_out,18,jvs002,6,trimmed_mean,3,0.277707
native_leave_one_speaker_out,18,jvs002,6,nearest,3,0.270036
native_leave_one_speaker_out,18,jvs002,6,top_k_mean,3,0.274286
wrong_target,18,jvs005_other_sentence,6,median,3,0.539466
native_leave_one_speaker_out,18,jvs002,12,mean,3,0.210728
native_leave_one_speaker_out,18,jvs002,12,median,3,0.212015
native_leave_one_speaker_out,18,jvs002,12,trimmed_mean,3,0.210728
native_leave_one_speaker_out,18,jvs002,12,nearest,3,0.206498
native_leave_one_speaker_out,18,jvs002,12,top_k_mean,3,0.209257
wrong_target,18,jvs005_other_sentence,12,median,3,0.498364
native_leave_one_speaker_out,18,jvs002,18,mean,3,0.159513
native_leave_one_speaker_out,18,jvs002,18,median,3,0.157174
native_leave_one_speaker_out,18,jvs002,18,trimmed_mean,3,0.159513
native_leave_one_speaker_out,18,jvs002,18,nearest,3,0.155693
native_leave_one_speaker_out,18,jvs002,18,top_k_mean,3,0.156434
wrong_target,18,jvs005_other_sentence,18,median,3,0.428971
native_leave_one_speaker_out,18,jvs002,24,mean,3,0.192748
native_leave_one_speaker_out,18,jvs002,24,median,3,0.190573
native_leave_one_speaker_out,18,jvs002,24,trimmed_mean,3,0.192748
native_leave_one_speaker_out,18,jvs002,24,nearest,3,0.183801
native_leave_one_speaker_out,18,jvs002,24,top_k_mean,3,0.187187
wrong_target,18,jvs005_other_sentence,24,median,3,0.667473
native_leave_one_speaker_out,18,jvs003,6,mean,3,0.295903
native_leave_one_speaker_out,18,jvs003,6,median,3,0.28455
native_leave_one_speaker_out,18,jvs003,6,trimmed_mean,3,0.295903
native_leave_one_speaker_out,18,jvs003,6,nearest,3,0.264043
native_leave_one_speaker_out,18,jvs003,6,top_k_mean,3,0.274296
wrong_target,18,jvs005_other_sentence,6,median,3,0.555486
native_leave_one_speaker_out,18,jvs003,12,mean,3,0.225699
native_leave_one_speaker_out,18,jvs003,12,median,3,0.212015
native_leave_one_speaker_out,18,jvs003,12,trimmed_mean,3,0.225699
native_leave_one_speaker_out,18,jvs003,12,nearest,3,0.207038
native_leave_one_speaker_out,18,jvs003,12,top_k_mean,3,0.209526
wrong_target,18,jvs005_other_sentence,12,median,3,0.49879
native_leave_one_speaker_out,18,jvs003,18,mean,3,0.169524
native_leave_one_speaker_out,18,jvs003,18,median,3,0.15735
native_leave_one_speaker_out,18,jvs003,18,trimmed_mean,3,0.169524
native_leave_one_speaker_out,18,jvs003,18,nearest,3,0.155693
native_leave_one_speaker_out,18,jvs003,18,top_k_mean,3,0.156522
wrong_target,18,jvs005_other_sentence,18,median,3,0.428971
native_leave_one_speaker_out,18,jvs003,24,mean,3,0.221603
native_leave_one_speaker_out,18,jvs003,24,median,3,0.203871
native_leave_one_speaker_out,18,jvs003,24,trimmed_mean,3,0.221603
native_leave_one_speaker_out,18,jvs003,24,nearest,3,0.202017
native_leave_one_speaker_out,18,jvs003,24,top_k_mean,3,0.202944
wrong_target,18,jvs005_other_sentence,24,median,3,0.669828
native_leave_one_speaker_out,18,jvs004,6,mean,3,0.320116
native_leave_one_speaker_out,18,jvs004,6,median,3,0.339115
native_leave_one_speaker_out,18,jvs004,6,trimmed_mean,3,0.320116
native_leave_one_speaker_out,18,jvs004,6,nearest,3,0.278536
native_leave_one_speaker_out,18,jvs004,6,top_k_mean,3,0.308825
wrong_target,18,jvs005_other_sentence,6,median,3,0.539466
native_leave_one_speaker_out,18,jvs004,12,mean,3,0.243201
native_leave_one_speaker_out,18,jvs004,12,median,3,0.257888
native_leave_one_speaker_out,18,jvs004,12,trimmed_mean,3,0.243201
native_leave_one_speaker_out,18,jvs004,12,nearest,3,0.213671
native_leave_one_speaker_out,18,jvs004,12,top_k_mean,3,0.23578
wrong_target,18,jvs005_other_sentence,12,median,3,0.498364
native_leave_one_speaker_out,18,jvs004,18,mean,3,0.189062
native_leave_one_speaker_out,18,jvs004,18,median,3,0.195529
native_leave_one_speaker_out,18,jvs004,18,trimmed_mean,3,0.189062
native_leave_one_speaker_out,18,jvs004,18,nearest,3,0.165671
native_leave_one_speaker_out,18,jvs004,18,top_k_mean,3,0.1806
wrong_target,18,jvs005_other_sentence,18,median,3,0.427259
native_leave_one_speaker_out,18,jvs004,24,mean,3,0.237284
native_leave_one_speaker_out,18,jvs004,24,median,3,0.258922
native_leave_one_speaker_out,18,jvs004,24,trimmed_mean,3,0.237284
native_leave_one_speaker_out,18,jvs004,24,nearest,3,0.190573
native_leave_one_speaker_out,18,jvs004,24,top_k_mean,3,0.224747
wrong_target,18,jvs005_other_sentence,24,median,3,0.667473
native_leave_one_speaker_out,19,jvs001,6,mean,3,0.291256
native_leave_one_speaker_out,19,jvs001,6,median,3,0.27375
native_leave_one_speaker_out,19,jvs001,6,trimmed_mean,3,0.291256
native_leave_one_speaker_out,19,jvs001,6,nearest,3,0.25174
native_leave_one_speaker_out,19,jvs001,6,top_k_mean,3,0.262745
wrong_target,19,jvs005_other_sentence,6,median,3,0.549667
native_leave_one_speaker_out,19,jvs001,12,mean,3,0.220375
native_leave_one_speaker_out,19,jvs001,12,median,3,0.204486
native_leave_one_speaker_out,19,jvs001,12,trimmed_mean,3,0.220375
native_leave_one_speaker_out,19,jvs001,12,nearest,3,0.198533
native_leave_one_speaker_out,19,jvs001,12,top_k_mean,3,0.201509
wrong_target,19,jvs005_other_sentence,12,median,3,0.507338
native_leave_one_speaker_out,19,jvs001,18,mean,3,0.167643
native_leave_one_speaker_out,19,jvs001,18,median,3,0.1561
native_leave_one_speaker_out,19,jvs001,18,trimmed_mean,3,0.167643
native_leave_one_speaker_out,19,jvs001,18,nearest,3,0.154786
native_leave_one_speaker_out,19,jvs001,18,top_k_mean,3,0.155443
wrong_target,19,jvs005_other_sentence,18,median,3,0.429696
native_leave_one_speaker_out,19,jvs001,24,mean,3,0.237027
native_leave_one_speaker_out,19,jvs001,24,median,3,0.228352
native_leave_one_speaker_out,19,jvs001,24,trimmed_mean,3,0.237027
native_leave_one_speaker_out,19,jvs001,24,nearest,3,0.201562
native_leave_one_speaker_out,19,jvs001,24,top_k_mean,3,0.214957
wrong_target,19,jvs005_other_sentence,24,median,3,0.706931
native_leave_one_speaker_out,19,jvs002,6,mean,3,0.285845
native_leave_one_speaker_out,19,jvs002,6,median,3,0.275935
native_leave_one_speaker_out,19,jvs002,6,trimmed_mean,3,0.285845
native_leave_one_speaker_out,19,jvs002,6,nearest,3,0.27375
native_leave_one_speaker_out,19,jvs002,6,top_k_mean,3,0.274843
wrong_target,19,jvs005_other_sentence,6,median,3,0.542703
native_leave_one_speaker_out,19,jvs002,12,mean,3,0.215509
native_leave_one_speaker_out,19,jvs002,12,median,3,0.20678
native_leave_one_speaker_out,19,jvs002,12,trimmed_mean,3,0.215509
native_leave_one_speaker_out,19,jvs002,12,nearest,3,0.204486
native_leave_one_speaker_out,19,jvs002,12,top_k_mean,3,0.205633
wrong_target,19,jvs005_other_sentence,12,median,3,0.506899
native_leave_one_speaker_out,19,jvs002,18,mean,3,0.161569
native_leave_one_speaker_out,19,jvs002,18,median,3,0.154786
native_leave_one_speaker_out,19,jvs002,18,trimmed_mean,3,0.161569
native_leave_one_speaker_out,19,jvs002,18,nearest,3,0.153567
native_leave_one_speaker_out,19,jvs002,18,top_k_mean,3,0.154176
wrong_target,19,jvs005_other_sentence,18,median,3,0.429696
native_leave_one_speaker_out,19,jvs002,24,mean,3,0.226211
native_leave_one_speaker_out,19,jvs002,24,median,3,0.232344
native_leave_one_speaker_out,19,jvs002,24,trimmed_mean,3,0.226211
native_leave_one_speaker_out,19,jvs002,24,nearest,3,0.201562
native_leave_one_speaker_out,19,jvs002,24,top_k_mean,3,0.216953
wrong_target,19,jvs005_other_sentence,24,median,3,0.706931
native_leave_one_speaker_out,19,jvs003,6,mean,3,0.287113
native_leave_one_speaker_out,19,jvs003,6,median,3,0.275935
native_leave_one_speaker_out,19,jvs003,6,trimmed_mean,3,0.287113
native_leave_one_speaker_out,19,jvs003,6,nearest,3,0.25174
native_leave_one_speaker_out,19,jvs003,6,top_k_mean,3,0.263838
wrong_target,19,jvs005_other_sentence,6,median,3,0.549667
native_leave_one_speaker_out,19,jvs003,12,mean,3,0.217607
native_leave_one_speaker_out,19,jvs003,12,median,3,0.20678
native_leave_one_speaker_out,19,jvs003,12,trimmed_mean,3,0.217607
native_leave_one_speaker_out,19,jvs003,12,nearest,3,0.198533
native_leave_one_speaker_out,19,jvs003,12,top_k_mean,3,0.202656
wrong_target,19,jvs005_other_sentence,12,median,3,0.507338
native_leave_one_speaker_out,19,jvs003,18,mean,3,0.164238
native_leave_one_speaker_out,19,jvs003,18,median,3,0.1561
native_leave_one_speaker_out,19,jvs003,18,trimmed_mean,3,0.164238
native_leave_one_speaker_out,19,jvs003,18,nearest,3,0.153567
native_leave_one_speaker_out,19,jvs003,18,top_k_mean,3,0.154833
wrong_target,19,jvs005_other_sentence,18,median,3,0.426864
native_leave_one_speaker_out,19,jvs003,24,mean,3,0.2359
native_leave_one_speaker_out,19,jvs003,24,median,3,0.232344
native_leave_one_speaker_out,19,jvs003,24,trimmed_mean,3,0.2359
native_leave_one_speaker_out,19,jvs003,24,nearest,3,0.228352
native_leave_one_speaker_out,19,jvs003,24,top_k_mean,3,0.230348
wrong_target,19,jvs005_other_sentence,24,median,3,0.698909
native_leave_one_speaker_out,19,jvs004,6,mean,3,0.32993
native_leave_one_speaker_out,19,jvs004,6,median,3,0.333663
native_leave_one_speaker_out,19,jvs004,6,trimmed_mean,3,0.32993
native_leave_one_speaker_out,19,jvs004,6,nearest,3,0.30785
native_leave_one_speaker_out,19,jvs004,6,top_k_mean,3,0.320756
wrong_target,19,jvs005_other_sentence,6,median,3,0.542703
native_leave_one_speaker_out,19,jvs004,12,mean,3,0.246959
native_leave_one_speaker_out,19,jvs004,12,median,3,0.247508
native_leave_one_speaker_out,19,jvs004,12,trimmed_mean,3,0.246959
native_leave_one_speaker_out,19,jvs004,12,nearest,3,0.235263
native_leave_one_speaker_out,19,jvs004,12,top_k_mean,3,0.241385
wrong_target,19,jvs005_other_sentence,12,median,3,0.506899
native_leave_one_speaker_out,19,jvs004,18,mean,3,0.183815
native_leave_one_speaker_out,19,jvs004,18,median,3,0.183048
native_leave_one_speaker_out,19,jvs004,18,trimmed_mean,3,0.183815
native_leave_one_speaker_out,19,jvs004,18,nearest,3,0.176353
native_leave_one_speaker_out,19,jvs004,18,top_k_mean,3,0.179701
wrong_target,19,jvs005_other_sentence,18,median,3,0.426864
native_leave_one_speaker_out,19,jvs004,24,mean,3,0.257632
native_leave_one_speaker_out,19,jvs004,24,median,3,0.247002
native_leave_one_speaker_out,19,jvs004,24,trimmed_mean,3,0.257632
native_leave_one_speaker_out,19,jvs004,24,nearest,3,0.244728
native_leave_one_speaker_out,19,jvs004,24,top_k_mean,3,0.245865
wrong_target,19,jvs005_other_sentence,24,median,3,0.698909
native_leave_one_speaker_out,20,jvs001,6,mean,3,0.29449
native_leave_one_speaker_out,20,jvs001,6,median,3,0.279406
native_leave_one_speaker_out,20,jvs001,6,trimmed_mean,3,0.29449
native_leave_one_speaker_out,20,jvs001,6,nearest,3,0.262516
native_leave_one_speaker_out,20,jvs001,6,top_k_mean,3,0.270961
wrong_target,20,jvs005_other_sentence,6,median,3,0.602513
native_leave_one_speaker_out,20,jvs001,12,mean,3,0.223564
native_leave_one_speaker_out,20,jvs001,12,median,3,0.214886
native_leave_one_speaker_out,20,jvs001,12,trimmed_mean,3,0.223564
native_leave_one_speaker_out,20,jvs001,12,nearest,3,0.207867
native_leave_one_speaker_out,20,jvs001,12,top_k_mean,3,0.211376
wrong_target,20,jvs005_other_sentence,12,median,3,0.550116
native_leave_one_speaker_out,20,jvs001,18,mean,3,0.173423
native_leave_one_speaker_out,20,jvs001,18,median,3,0.167264
native_leave_one_speaker_out,20,jvs001,18,trimmed_mean,3,0.173423
native_leave_one_speaker_out,20,jvs001,18,nearest,3,0.158472
native_leave_one_speaker_out,20,jvs001,18,top_k_mean,3,0.162868
wrong_target,20,jvs005_other_sentence,18,median,3,0.476607
native_leave_one_speaker_out,20,jvs001,24,mean,3,0.224649
native_leave_one_speaker_out,20,jvs001,24,median,3,0.225691
native_leave_one_speaker_out,20,jvs001,24,trimmed_mean,3,0.224649
native_leave_one_speaker_out,20,jvs001,24,nearest,3,0.194442
native_leave_one_speaker_out,20,jvs001,24,top_k_mean,3,0.210067
wrong_target,20,jvs005_other_sentence,24,median,3,0.749206
native_leave_one_speaker_out,20,jvs002,6,mean,3,0.281718
native_leave_one_speaker_out,20,jvs002,6,median,3,0.279406
native_leave_one_speaker_out,20,jvs002,6,trimmed_mean,3,0.281718
native_leave_one_speaker_out,20,jvs002,6,nearest,3,0.275089
native_leave_one_speaker_out,20,jvs002,6,top_k_mean,3,0.277248
wrong_target,20,jvs005_other_sentence,6,median,3,0.579442
native_leave_one_speaker_out,20,jvs002,12,mean,3,0.211353
native_leave_one_speaker_out,20,jvs002,12,median,3,0.207867
native_leave_one_speaker_out,20,jvs002,12,trimmed_mean,3,0.211353
native_leave_one_speaker_out,20,jvs002,12,nearest,3,0.206645
native_leave_one_speaker_out,20,jvs002,12,top_k_mean,3,0.207256
wrong_target,20,jvs005_other_sentence,12,median,3,0.539202
native_leave_one_speaker_out,20,jvs002,18,mean,3,0.158735
native_leave_one_speaker_out,20,jvs002,18,median,3,0.158472
native_leave_one_speaker_out,20,jvs002,18,trimmed_mean,3,0.158735
native_leave_one_speaker_out,20,jvs002,18,nearest,3,0.156682
native_leave_one_speaker_out,20,jvs002,18,top_k_mean,3,0.157577
wrong_target,20,jvs005_other_sentence,18,median,3,0.46997
native_leave_one_speaker_out,20,jvs002,24,mean,3,0.203914
native_leave_one_speaker_out,20,jvs002,24,median,3,0.194442
native_leave_one_speaker_out,20,jvs002,24,trimmed_mean,3,0.203914
native_leave_one_speaker_out,20,jvs002,24,nearest,3,0.191935
native_leave_one_speaker_out,20,jvs002,24,top_k_mean,3,0.193188
wrong_target,20,jvs005_other_sentence,24,median,3,0.722008
native_leave_one_speaker_out,20,jvs003,6,mean,3,0.291616
native_leave_one_speaker_out,20,jvs003,6,median,3,0.275089
native_leave_one_speaker_out,20,jvs003,6,trimmed_mean,3,0.291616
native_leave_one_speaker_out,20,jvs003,6,nearest,3,0.262516
native_leave_one_speaker_out,20,jvs003,6,top_k_mean,3,0.268802
wrong_target,20,jvs005_other_sentence,6,median,3,0.602513
native_leave_one_speaker_out,20,jvs003,12,mean,3,0.230361
native_leave_one_speaker_out,20,jvs003,12,median,3,0.219546
native_leave_one_speaker_out,20,jvs003,12,trimmed_mean,3,0.230361
native_leave_one_speaker_out,20,jvs003,12,nearest,3,0.214886
native_leave_one_speaker_out,20,jvs003,12,top_k_mean,3,0.217216
wrong_target,20,jvs005_other_sentence,12,median,3,0.550116
native_leave_one_speaker_out,20,jvs003,18,mean,3,0.173243
native_leave_one_speaker_out,20,jvs003,18,median,3,0.167264
native_leave_one_speaker_out,20,jvs003,18,trimmed_mean,3,0.173243
native_leave_one_speaker_out,20,jvs003,18,nearest,3,0.16105
native_leave_one_speaker_out,20,jvs003,18,top_k_mean,3,0.164157
wrong_target,20,jvs005_other_sentence,18,median,3,0.476607
native_leave_one_speaker_out,20,jvs003,24,mean,3,0.237708
native_leave_one_speaker_out,20,jvs003,24,median,3,0.225691
native_leave_one_speaker_out,20,jvs003,24,trimmed_mean,3,0.237708
native_leave_one_speaker_out,20,jvs003,24,nearest,3,0.225365
native_leave_one_speaker_out,20,jvs003,24,top_k_mean,3,0.225528
wrong_target,20,jvs005_other_sentence,24,median,3,0.749206
native_leave_one_speaker_out,20,jvs004,6,mean,3,0.323149
native_leave_one_speaker_out,20,jvs004,6,median,3,0.337242
native_leave_one_speaker_out,20,jvs004,6,trimmed_mean,3,0.323149
native_leave_one_speaker_out,20,jvs004,6,nearest,3,0.290658
native_leave_one_speaker_out,20,jvs004,6,top_k_mean,3,0.31395
wrong_target,20,jvs005_other_sentence,6,median,3,0.579442
native_leave_one_speaker_out,20,jvs004,12,mean,3,0.237078
native_leave_one_speaker_out,20,jvs004,12,median,3,0.247938
native_leave_one_speaker_out,20,jvs004,12,trimmed_mean,3,0.237078
native_leave_one_speaker_out,20,jvs004,12,nearest,3,0.206645
native_leave_one_speaker_out,20,jvs004,12,top_k_mean,3,0.227292
wrong_target,20,jvs005_other_sentence,12,median,3,0.539202
native_leave_one_speaker_out,20,jvs004,18,mean,3,0.180877
native_leave_one_speaker_out,20,jvs004,18,median,3,0.191414
native_leave_one_speaker_out,20,jvs004,18,trimmed_mean,3,0.180877
native_leave_one_speaker_out,20,jvs004,18,nearest,3,0.156682
native_leave_one_speaker_out,20,jvs004,18,top_k_mean,3,0.174048
wrong_target,20,jvs005_other_sentence,18,median,3,0.46997
native_leave_one_speaker_out,20,jvs004,24,mean,3,0.235938
native_leave_one_speaker_out,20,jvs004,24,median,3,0.253814
native_leave_one_speaker_out,20,jvs004,24,trimmed_mean,3,0.235938
native_leave_one_speaker_out,20,jvs004,24,nearest,3,0.191935
native_leave_one_speaker_out,20,jvs004,24,top_k_mean,3,0.222874
wrong_target,20,jvs005_other_sentence,24,median,3,0.722008
